[
{
  "model": "admin.logentry",
  "pk": 1,
  "fields": {
    "action_time": "2025-03-19T18:05:11.616Z",
    "user": "b50f2d57-5645-4b4c-88f6-afa91a2f23f5",
    "content_type": 11,
    "object_id": "5d44599c-99ad-4275-9b50-cecf9df57138",
    "object_repr": "Личные вещи",
    "action_flag": 1,
    "change_message": "[{\"added\": {}}]"
  }
},
{
  "model": "admin.logentry",
  "pk": 2,
  "fields": {
    "action_time": "2025-03-19T18:05:21.789Z",
    "user": "b50f2d57-5645-4b4c-88f6-afa91a2f23f5",
    "content_type": 11,
    "object_id": "ef8d9cf6-28da-4460-89f8-89d9ee5d24c8",
    "object_repr": "Электроника",
    "action_flag": 1,
    "change_message": "[{\"added\": {}}]"
  }
},
{
  "model": "admin.logentry",
  "pk": 3,
  "fields": {
    "action_time": "2025-03-19T18:05:30.127Z",
    "user": "b50f2d57-5645-4b4c-88f6-afa91a2f23f5",
    "content_type": 11,
    "object_id": "5c886012-5ca8-4596-a94d-b223796f618b",
    "object_repr": "Документы",
    "action_flag": 1,
    "change_message": "[{\"added\": {}}]"
  }
},
{
  "model": "admin.logentry",
  "pk": 4,
  "fields": {
    "action_time": "2025-03-19T18:05:38.698Z",
    "user": "b50f2d57-5645-4b4c-88f6-afa91a2f23f5",
    "content_type": 11,
    "object_id": "8c43adf8-b4b4-4e35-9762-669837b32ea1",
    "object_repr": "Транспорт",
    "action_flag": 1,
    "change_message": "[{\"added\": {}}]"
  }
},
{
  "model": "admin.logentry",
  "pk": 5,
  "fields": {
    "action_time": "2025-03-19T18:05:46.158Z",
    "user": "b50f2d57-5645-4b4c-88f6-afa91a2f23f5",
    "content_type": 11,
    "object_id": "824daf16-ccaf-4dbb-b806-2edf4984bd38",
    "object_repr": "Канцелярия и учеба",
    "action_flag": 1,
    "change_message": "[{\"added\": {}}]"
  }
},
{
  "model": "admin.logentry",
  "pk": 6,
  "fields": {
    "action_time": "2025-03-19T18:05:57.261Z",
    "user": "b50f2d57-5645-4b4c-88f6-afa91a2f23f5",
    "content_type": 11,
    "object_id": "637b8e52-aed3-468d-9b81-4843dbde6b9a",
    "object_repr": "Развлечения и хобби",
    "action_flag": 1,
    "change_message": "[{\"added\": {}}]"
  }
},
{
  "model": "admin.logentry",
  "pk": 7,
  "fields": {
    "action_time": "2025-03-19T18:06:07.722Z",
    "user": "b50f2d57-5645-4b4c-88f6-afa91a2f23f5",
    "content_type": 11,
    "object_id": "21907229-450e-4f68-8869-8f34bfa7cbce",
    "object_repr": "Дом и быт",
    "action_flag": 1,
    "change_message": "[{\"added\": {}}]"
  }
},
{
  "model": "admin.logentry",
  "pk": 8,
  "fields": {
    "action_time": "2025-03-19T18:06:52.426Z",
    "user": "b50f2d57-5645-4b4c-88f6-afa91a2f23f5",
    "content_type": 13,
    "object_id": "6082099f-cdbc-4383-92a8-4b8520b8ff49",
    "object_repr": "Личные вещи -> Аксессуары",
    "action_flag": 1,
    "change_message": "[{\"added\": {}}]"
  }
},
{
  "model": "admin.logentry",
  "pk": 9,
  "fields": {
    "action_time": "2025-03-19T18:07:00.644Z",
    "user": "b50f2d57-5645-4b4c-88f6-afa91a2f23f5",
    "content_type": 13,
    "object_id": "5fb8796b-3176-4b06-9e61-31eeb2e9c42b",
    "object_repr": "Личные вещи -> Одежда",
    "action_flag": 1,
    "change_message": "[{\"added\": {}}]"
  }
},
{
  "model": "admin.logentry",
  "pk": 10,
  "fields": {
    "action_time": "2025-03-19T18:07:09.831Z",
    "user": "b50f2d57-5645-4b4c-88f6-afa91a2f23f5",
    "content_type": 13,
    "object_id": "42b2956d-318b-4aa1-8ff5-44fc54c98caa",
    "object_repr": "Электроника -> Мобильные устройства",
    "action_flag": 1,
    "change_message": "[{\"added\": {}}]"
  }
},
{
  "model": "admin.logentry",
  "pk": 11,
  "fields": {
    "action_time": "2025-03-19T18:07:19.142Z",
    "user": "b50f2d57-5645-4b4c-88f6-afa91a2f23f5",
    "content_type": 13,
    "object_id": "da63d846-caff-49d8-8366-3b2382a8e653",
    "object_repr": "Электроника -> Компьютеры и аксессуары",
    "action_flag": 1,
    "change_message": "[{\"added\": {}}]"
  }
},
{
  "model": "admin.logentry",
  "pk": 12,
  "fields": {
    "action_time": "2025-03-19T18:07:28.180Z",
    "user": "b50f2d57-5645-4b4c-88f6-afa91a2f23f5",
    "content_type": 13,
    "object_id": "6d4516cf-c512-4679-8159-0567386977e7",
    "object_repr": "Электроника -> Аудио и видео",
    "action_flag": 1,
    "change_message": "[{\"added\": {}}]"
  }
},
{
  "model": "admin.logentry",
  "pk": 13,
  "fields": {
    "action_time": "2025-03-19T18:07:38.674Z",
    "user": "b50f2d57-5645-4b4c-88f6-afa91a2f23f5",
    "content_type": 13,
    "object_id": "af7efa10-1693-4dc0-ac5d-3e296f71adda",
    "object_repr": "Электроника -> Умные устройства",
    "action_flag": 1,
    "change_message": "[{\"added\": {}}]"
  }
},
{
  "model": "admin.logentry",
  "pk": 14,
  "fields": {
    "action_time": "2025-03-19T18:07:48.183Z",
    "user": "b50f2d57-5645-4b4c-88f6-afa91a2f23f5",
    "content_type": 13,
    "object_id": "5c5b8343-2fc0-464a-9304-007307cef0fd",
    "object_repr": "Документы -> Удостоверения личности",
    "action_flag": 1,
    "change_message": "[{\"added\": {}}]"
  }
},
{
  "model": "admin.logentry",
  "pk": 15,
  "fields": {
    "action_time": "2025-03-19T18:08:07.664Z",
    "user": "b50f2d57-5645-4b4c-88f6-afa91a2f23f5",
    "content_type": 13,
    "object_id": "5224f364-635c-4084-99c9-bd710ef92a28",
    "object_repr": "Документы -> Водительские документы",
    "action_flag": 1,
    "change_message": "[{\"added\": {}}]"
  }
},
{
  "model": "admin.logentry",
  "pk": 16,
  "fields": {
    "action_time": "2025-03-19T18:08:15.348Z",
    "user": "b50f2d57-5645-4b4c-88f6-afa91a2f23f5",
    "content_type": 13,
    "object_id": "c410b017-d476-4413-8899-6c22b7385091",
    "object_repr": "Документы -> Финансовые документы",
    "action_flag": 1,
    "change_message": "[{\"added\": {}}]"
  }
},
{
  "model": "admin.logentry",
  "pk": 17,
  "fields": {
    "action_time": "2025-03-19T18:08:25.895Z",
    "user": "b50f2d57-5645-4b4c-88f6-afa91a2f23f5",
    "content_type": 13,
    "object_id": "9b30ece9-c588-4005-81c6-8beb705975f4",
    "object_repr": "Документы -> Образовательные документы",
    "action_flag": 1,
    "change_message": "[{\"added\": {}}]"
  }
},
{
  "model": "admin.logentry",
  "pk": 18,
  "fields": {
    "action_time": "2025-03-19T18:08:33.956Z",
    "user": "b50f2d57-5645-4b4c-88f6-afa91a2f23f5",
    "content_type": 13,
    "object_id": "01280f2e-f573-4987-9bc1-679c6343b8f4",
    "object_repr": "Транспорт -> Ключи и доступ",
    "action_flag": 1,
    "change_message": "[{\"added\": {}}]"
  }
},
{
  "model": "admin.logentry",
  "pk": 19,
  "fields": {
    "action_time": "2025-03-19T18:08:42.794Z",
    "user": "b50f2d57-5645-4b4c-88f6-afa91a2f23f5",
    "content_type": 13,
    "object_id": "3dc25a1d-ba3f-4be8-8f52-f90bbfdeffa0",
    "object_repr": "Транспорт -> Транспортные документы",
    "action_flag": 1,
    "change_message": "[{\"added\": {}}]"
  }
},
{
  "model": "admin.logentry",
  "pk": 20,
  "fields": {
    "action_time": "2025-03-19T18:08:52.945Z",
    "user": "b50f2d57-5645-4b4c-88f6-afa91a2f23f5",
    "content_type": 13,
    "object_id": "376d683e-1e6b-43c2-82bb-a5e2d4900939",
    "object_repr": "Канцелярия и учеба -> Учебные принадлежности",
    "action_flag": 1,
    "change_message": "[{\"added\": {}}]"
  }
},
{
  "model": "admin.logentry",
  "pk": 21,
  "fields": {
    "action_time": "2025-03-19T18:09:06.040Z",
    "user": "b50f2d57-5645-4b4c-88f6-afa91a2f23f5",
    "content_type": 13,
    "object_id": "da5d1048-02d7-4f3d-904d-cca2515ccafe",
    "object_repr": "Развлечения и хобби -> Игры и досуг",
    "action_flag": 1,
    "change_message": "[{\"added\": {}}]"
  }
},
{
  "model": "admin.logentry",
  "pk": 22,
  "fields": {
    "action_time": "2025-03-19T18:09:13.586Z",
    "user": "b50f2d57-5645-4b4c-88f6-afa91a2f23f5",
    "content_type": 13,
    "object_id": "20130f88-76b8-4293-996d-bbd661f386e7",
    "object_repr": "Развлечения и хобби -> Спортивные аксессуары",
    "action_flag": 1,
    "change_message": "[{\"added\": {}}]"
  }
},
{
  "model": "admin.logentry",
  "pk": 23,
  "fields": {
    "action_time": "2025-03-19T18:09:22.384Z",
    "user": "b50f2d57-5645-4b4c-88f6-afa91a2f23f5",
    "content_type": 13,
    "object_id": "86c45345-dd15-46d1-beb9-9b1fe7fbc2aa",
    "object_repr": "Развлечения и хобби -> Гаджеты и подписки",
    "action_flag": 1,
    "change_message": "[{\"added\": {}}]"
  }
},
{
  "model": "admin.logentry",
  "pk": 24,
  "fields": {
    "action_time": "2025-03-19T18:09:32.860Z",
    "user": "b50f2d57-5645-4b4c-88f6-afa91a2f23f5",
    "content_type": 13,
    "object_id": "7869713d-27e1-4812-9107-ec7c0bcbfd3c",
    "object_repr": "Дом и быт -> Ключи и доступ",
    "action_flag": 1,
    "change_message": "[{\"added\": {}}]"
  }
},
{
  "model": "admin.logentry",
  "pk": 25,
  "fields": {
    "action_time": "2025-03-19T18:09:41.039Z",
    "user": "b50f2d57-5645-4b4c-88f6-afa91a2f23f5",
    "content_type": 13,
    "object_id": "0d4baaf2-9fed-4a5c-8753-8bdbeaafb43b",
    "object_repr": "Дом и быт -> Косметика и уход",
    "action_flag": 1,
    "change_message": "[{\"added\": {}}]"
  }
},
{
  "model": "admin.logentry",
  "pk": 26,
  "fields": {
    "action_time": "2025-03-19T18:10:38.636Z",
    "user": "b50f2d57-5645-4b4c-88f6-afa91a2f23f5",
    "content_type": 14,
    "object_id": "7bd45f12-1c65-496f-ab49-c14b1fbbf457",
    "object_repr": "Личные вещи -> Аксессуары -> Очки",
    "action_flag": 1,
    "change_message": "[{\"added\": {}}]"
  }
},
{
  "model": "admin.logentry",
  "pk": 27,
  "fields": {
    "action_time": "2025-03-19T18:10:47.071Z",
    "user": "b50f2d57-5645-4b4c-88f6-afa91a2f23f5",
    "content_type": 14,
    "object_id": "139ecdca-c9db-446b-ab4c-aa7f01775806",
    "object_repr": "Личные вещи -> Аксессуары -> Часы",
    "action_flag": 1,
    "change_message": "[{\"added\": {}}]"
  }
},
{
  "model": "admin.logentry",
  "pk": 28,
  "fields": {
    "action_time": "2025-03-19T18:10:55.453Z",
    "user": "b50f2d57-5645-4b4c-88f6-afa91a2f23f5",
    "content_type": 14,
    "object_id": "1a7db2ce-7ac4-416a-a8ca-d7a8a43960cb",
    "object_repr": "Личные вещи -> Аксессуары -> Украшения",
    "action_flag": 1,
    "change_message": "[{\"added\": {}}]"
  }
},
{
  "model": "admin.logentry",
  "pk": 29,
  "fields": {
    "action_time": "2025-03-19T18:11:03.974Z",
    "user": "b50f2d57-5645-4b4c-88f6-afa91a2f23f5",
    "content_type": 14,
    "object_id": "6287b446-566f-4a75-a0d6-8eb9dfea2214",
    "object_repr": "Личные вещи -> Аксессуары -> Сумки и рюкзаки",
    "action_flag": 1,
    "change_message": "[{\"added\": {}}]"
  }
},
{
  "model": "admin.logentry",
  "pk": 30,
  "fields": {
    "action_time": "2025-03-19T18:11:11.945Z",
    "user": "b50f2d57-5645-4b4c-88f6-afa91a2f23f5",
    "content_type": 14,
    "object_id": "fab00da4-4654-4e7b-ad67-4235101fb7dc",
    "object_repr": "Личные вещи -> Аксессуары -> Кошельки и кардхолдеры",
    "action_flag": 1,
    "change_message": "[{\"added\": {}}]"
  }
},
{
  "model": "admin.logentry",
  "pk": 31,
  "fields": {
    "action_time": "2025-03-19T18:11:19.979Z",
    "user": "b50f2d57-5645-4b4c-88f6-afa91a2f23f5",
    "content_type": 14,
    "object_id": "8eb2b90c-22fa-41d7-9568-088fa3b1699e",
    "object_repr": "Личные вещи -> Аксессуары -> Головные уборы",
    "action_flag": 1,
    "change_message": "[{\"added\": {}}]"
  }
},
{
  "model": "admin.logentry",
  "pk": 32,
  "fields": {
    "action_time": "2025-03-19T18:11:28.780Z",
    "user": "b50f2d57-5645-4b4c-88f6-afa91a2f23f5",
    "content_type": 14,
    "object_id": "1d9c7494-9e13-480e-949e-63360a03b3ce",
    "object_repr": "Личные вещи -> Аксессуары -> Перчатки и шарфы",
    "action_flag": 1,
    "change_message": "[{\"added\": {}}]"
  }
},
{
  "model": "admin.logentry",
  "pk": 33,
  "fields": {
    "action_time": "2025-03-19T18:11:36.420Z",
    "user": "b50f2d57-5645-4b4c-88f6-afa91a2f23f5",
    "content_type": 14,
    "object_id": "986873ce-da24-421b-8d8b-f3c90f8061a0",
    "object_repr": "Личные вещи -> Аксессуары -> Ремни",
    "action_flag": 1,
    "change_message": "[{\"added\": {}}]"
  }
},
{
  "model": "admin.logentry",
  "pk": 34,
  "fields": {
    "action_time": "2025-03-19T18:11:44.601Z",
    "user": "b50f2d57-5645-4b4c-88f6-afa91a2f23f5",
    "content_type": 14,
    "object_id": "8ae8c53d-c453-4603-adf4-e40f540dc5bc",
    "object_repr": "Личные вещи -> Одежда -> Верхняя одежда",
    "action_flag": 1,
    "change_message": "[{\"added\": {}}]"
  }
},
{
  "model": "admin.logentry",
  "pk": 35,
  "fields": {
    "action_time": "2025-03-19T18:12:25.127Z",
    "user": "b50f2d57-5645-4b4c-88f6-afa91a2f23f5",
    "content_type": 14,
    "object_id": "64e160e2-6add-4f58-bdea-a9eeab3567aa",
    "object_repr": "Личные вещи -> Одежда -> Обувь",
    "action_flag": 1,
    "change_message": "[{\"added\": {}}]"
  }
},
{
  "model": "admin.logentry",
  "pk": 36,
  "fields": {
    "action_time": "2025-03-19T18:12:34.281Z",
    "user": "b50f2d57-5645-4b4c-88f6-afa91a2f23f5",
    "content_type": 14,
    "object_id": "b825cc38-992d-4037-9564-db717f06fc39",
    "object_repr": "Личные вещи -> Одежда -> Другая одежда",
    "action_flag": 1,
    "change_message": "[{\"added\": {}}]"
  }
},
{
  "model": "admin.logentry",
  "pk": 37,
  "fields": {
    "action_time": "2025-03-19T18:12:46.106Z",
    "user": "b50f2d57-5645-4b4c-88f6-afa91a2f23f5",
    "content_type": 14,
    "object_id": "0ce2eb74-01d7-42ff-b02a-eacea808c815",
    "object_repr": "Электроника -> Мобильные устройства -> Смартфоны",
    "action_flag": 1,
    "change_message": "[{\"added\": {}}]"
  }
},
{
  "model": "admin.logentry",
  "pk": 38,
  "fields": {
    "action_time": "2025-03-19T18:12:58.620Z",
    "user": "b50f2d57-5645-4b4c-88f6-afa91a2f23f5",
    "content_type": 14,
    "object_id": "0916141f-dbbe-49df-85fa-7e57819d61d6",
    "object_repr": "Электроника -> Мобильные устройства -> Планшеты",
    "action_flag": 1,
    "change_message": "[{\"added\": {}}]"
  }
},
{
  "model": "admin.logentry",
  "pk": 39,
  "fields": {
    "action_time": "2025-03-19T18:13:10.290Z",
    "user": "b50f2d57-5645-4b4c-88f6-afa91a2f23f5",
    "content_type": 14,
    "object_id": "b20d8683-5b30-424d-9d79-3065cbaaa2a6",
    "object_repr": "Электроника -> Компьютеры и аксессуары -> Ноутбуки",
    "action_flag": 1,
    "change_message": "[{\"added\": {}}]"
  }
},
{
  "model": "admin.logentry",
  "pk": 40,
  "fields": {
    "action_time": "2025-03-19T18:13:20.085Z",
    "user": "b50f2d57-5645-4b4c-88f6-afa91a2f23f5",
    "content_type": 14,
    "object_id": "fd214a0e-2046-4e1d-9c53-a17a4f02d4a6",
    "object_repr": "Электроника -> Компьютеры и аксессуары -> Аксессуары",
    "action_flag": 1,
    "change_message": "[{\"added\": {}}]"
  }
},
{
  "model": "admin.logentry",
  "pk": 41,
  "fields": {
    "action_time": "2025-03-19T18:13:28.872Z",
    "user": "b50f2d57-5645-4b4c-88f6-afa91a2f23f5",
    "content_type": 14,
    "object_id": "520111a7-c1e8-4241-88d4-6c6ef391813b",
    "object_repr": "Электроника -> Аудио и видео -> Наушники",
    "action_flag": 1,
    "change_message": "[{\"added\": {}}]"
  }
},
{
  "model": "admin.logentry",
  "pk": 42,
  "fields": {
    "action_time": "2025-03-19T18:13:37.755Z",
    "user": "b50f2d57-5645-4b4c-88f6-afa91a2f23f5",
    "content_type": 14,
    "object_id": "b30614d6-bb21-440e-8098-a80d73e5779e",
    "object_repr": "Электроника -> Аудио и видео -> Колонки",
    "action_flag": 1,
    "change_message": "[{\"added\": {}}]"
  }
},
{
  "model": "admin.logentry",
  "pk": 43,
  "fields": {
    "action_time": "2025-03-19T18:13:51.233Z",
    "user": "b50f2d57-5645-4b4c-88f6-afa91a2f23f5",
    "content_type": 14,
    "object_id": "e78c6dd9-5858-4325-9126-37abcf108ce7",
    "object_repr": "Электроника -> Аудио и видео -> Фото и видео",
    "action_flag": 1,
    "change_message": "[{\"added\": {}}]"
  }
},
{
  "model": "admin.logentry",
  "pk": 44,
  "fields": {
    "action_time": "2025-03-19T18:14:04.790Z",
    "user": "b50f2d57-5645-4b4c-88f6-afa91a2f23f5",
    "content_type": 14,
    "object_id": "72d336d0-922a-469e-a6de-dd8710dfe90f",
    "object_repr": "Электроника -> Умные устройства -> Фитнес-гаджеты",
    "action_flag": 1,
    "change_message": "[{\"added\": {}}]"
  }
},
{
  "model": "admin.logentry",
  "pk": 45,
  "fields": {
    "action_time": "2025-03-19T18:14:15.176Z",
    "user": "b50f2d57-5645-4b4c-88f6-afa91a2f23f5",
    "content_type": 14,
    "object_id": "b22c3da0-e4a5-498f-8776-fe9488a724fa",
    "object_repr": "Электроника -> Умные устройства -> GPS-трекеры",
    "action_flag": 1,
    "change_message": "[{\"added\": {}}]"
  }
},
{
  "model": "admin.logentry",
  "pk": 46,
  "fields": {
    "action_time": "2025-03-19T18:14:53.248Z",
    "user": "b50f2d57-5645-4b4c-88f6-afa91a2f23f5",
    "content_type": 14,
    "object_id": "79ff0bfa-18dc-4603-8abc-7b469873728c",
    "object_repr": "Документы -> Удостоверения личности -> Паспорт",
    "action_flag": 1,
    "change_message": "[{\"added\": {}}]"
  }
},
{
  "model": "admin.logentry",
  "pk": 47,
  "fields": {
    "action_time": "2025-03-19T18:15:11.104Z",
    "user": "b50f2d57-5645-4b4c-88f6-afa91a2f23f5",
    "content_type": 14,
    "object_id": "7f48f0cf-7617-43af-8014-2795811688a3",
    "object_repr": "Документы -> Водительские документы -> Водительские права",
    "action_flag": 1,
    "change_message": "[{\"added\": {}}]"
  }
},
{
  "model": "admin.logentry",
  "pk": 48,
  "fields": {
    "action_time": "2025-03-19T18:15:22.948Z",
    "user": "b50f2d57-5645-4b4c-88f6-afa91a2f23f5",
    "content_type": 14,
    "object_id": "64da8f4d-e377-4b59-a3a5-843e5e7ee24f",
    "object_repr": "Документы -> Финансовые документы -> Банковские карты",
    "action_flag": 1,
    "change_message": "[{\"added\": {}}]"
  }
},
{
  "model": "admin.logentry",
  "pk": 49,
  "fields": {
    "action_time": "2025-03-19T18:15:33.777Z",
    "user": "b50f2d57-5645-4b4c-88f6-afa91a2f23f5",
    "content_type": 14,
    "object_id": "8d8994f1-8340-432b-99be-8e7c9bf642ee",
    "object_repr": "Документы -> Финансовые документы -> Страховые документы",
    "action_flag": 1,
    "change_message": "[{\"added\": {}}]"
  }
},
{
  "model": "admin.logentry",
  "pk": 50,
  "fields": {
    "action_time": "2025-03-19T18:15:49.611Z",
    "user": "b50f2d57-5645-4b4c-88f6-afa91a2f23f5",
    "content_type": 14,
    "object_id": "9a01c99d-9fff-486d-bd31-219502f441cd",
    "object_repr": "Документы -> Образовательные документы -> Студенческие документы",
    "action_flag": 1,
    "change_message": "[{\"added\": {}}]"
  }
},
{
  "model": "admin.logentry",
  "pk": 51,
  "fields": {
    "action_time": "2025-03-19T18:16:01.060Z",
    "user": "b50f2d57-5645-4b4c-88f6-afa91a2f23f5",
    "content_type": 14,
    "object_id": "ea87704b-eb68-48e2-8a7d-847a4f31658d",
    "object_repr": "Транспорт -> Ключи и доступ -> Автомобильные ключи",
    "action_flag": 1,
    "change_message": "[{\"added\": {}}]"
  }
},
{
  "model": "admin.logentry",
  "pk": 52,
  "fields": {
    "action_time": "2025-03-19T18:16:19.099Z",
    "user": "b50f2d57-5645-4b4c-88f6-afa91a2f23f5",
    "content_type": 14,
    "object_id": "fb921c48-7a88-41f4-9dfd-120d6573eb07",
    "object_repr": "Транспорт -> Ключи и доступ -> Замки и аксессуары",
    "action_flag": 1,
    "change_message": "[{\"added\": {}}]"
  }
},
{
  "model": "admin.logentry",
  "pk": 53,
  "fields": {
    "action_time": "2025-03-19T18:16:30.416Z",
    "user": "b50f2d57-5645-4b4c-88f6-afa91a2f23f5",
    "content_type": 14,
    "object_id": "35094dbd-4b29-4e6d-aee2-0aae916ccb23",
    "object_repr": "Транспорт -> Транспортные документы -> Регистрационные документы",
    "action_flag": 1,
    "change_message": "[{\"added\": {}}]"
  }
},
{
  "model": "admin.logentry",
  "pk": 54,
  "fields": {
    "action_time": "2025-03-19T18:16:45.167Z",
    "user": "b50f2d57-5645-4b4c-88f6-afa91a2f23f5",
    "content_type": 14,
    "object_id": "084424b0-3d04-4d43-9894-0e9af0406dde",
    "object_repr": "Транспорт -> Транспортные документы -> Проездные карты",
    "action_flag": 1,
    "change_message": "[{\"added\": {}}]"
  }
},
{
  "model": "admin.logentry",
  "pk": 55,
  "fields": {
    "action_time": "2025-03-19T18:16:59.065Z",
    "user": "b50f2d57-5645-4b4c-88f6-afa91a2f23f5",
    "content_type": 14,
    "object_id": "eb73ef71-9415-4258-bb94-e13b2bf11f19",
    "object_repr": "Канцелярия и учеба -> Учебные принадлежности -> Письменные принадлежности",
    "action_flag": 1,
    "change_message": "[{\"added\": {}}]"
  }
},
{
  "model": "admin.logentry",
  "pk": 56,
  "fields": {
    "action_time": "2025-03-19T18:17:11.744Z",
    "user": "b50f2d57-5645-4b4c-88f6-afa91a2f23f5",
    "content_type": 14,
    "object_id": "b2e07cc7-e21c-4233-becf-bb58adc12bed",
    "object_repr": "Канцелярия и учеба -> Учебные принадлежности -> Блокноты и книги",
    "action_flag": 1,
    "change_message": "[{\"added\": {}}]"
  }
},
{
  "model": "admin.logentry",
  "pk": 57,
  "fields": {
    "action_time": "2025-03-19T18:17:22.898Z",
    "user": "b50f2d57-5645-4b4c-88f6-afa91a2f23f5",
    "content_type": 14,
    "object_id": "1cab4c2b-1a83-4e29-8848-518365403150",
    "object_repr": "Развлечения и хобби -> Игры и досуг -> Настольные игры",
    "action_flag": 1,
    "change_message": "[{\"added\": {}}]"
  }
},
{
  "model": "admin.logentry",
  "pk": 58,
  "fields": {
    "action_time": "2025-03-19T18:17:35.312Z",
    "user": "b50f2d57-5645-4b4c-88f6-afa91a2f23f5",
    "content_type": 14,
    "object_id": "19cd2af8-2d1f-40e6-950d-6030ad915bcd",
    "object_repr": "Развлечения и хобби -> Спортивные аксессуары -> Фитнес-товары",
    "action_flag": 1,
    "change_message": "[{\"added\": {}}]"
  }
},
{
  "model": "admin.logentry",
  "pk": 59,
  "fields": {
    "action_time": "2025-03-19T18:17:50.741Z",
    "user": "b50f2d57-5645-4b4c-88f6-afa91a2f23f5",
    "content_type": 14,
    "object_id": "30fd1599-ebd3-449f-b1f8-610dc7f457a7",
    "object_repr": "Развлечения и хобби -> Гаджеты и подписки -> Развлекательные устройства",
    "action_flag": 1,
    "change_message": "[{\"added\": {}}]"
  }
},
{
  "model": "admin.logentry",
  "pk": 60,
  "fields": {
    "action_time": "2025-03-19T18:18:01.369Z",
    "user": "b50f2d57-5645-4b4c-88f6-afa91a2f23f5",
    "content_type": 14,
    "object_id": "60d7da9a-a8e6-4f53-a659-c7acdeef27d1",
    "object_repr": "Развлечения и хобби -> Гаджеты и подписки -> Билеты и абонементы",
    "action_flag": 1,
    "change_message": "[{\"added\": {}}]"
  }
},
{
  "model": "admin.logentry",
  "pk": 61,
  "fields": {
    "action_time": "2025-03-19T18:18:09.939Z",
    "user": "b50f2d57-5645-4b4c-88f6-afa91a2f23f5",
    "content_type": 14,
    "object_id": "2130286c-faf6-43b1-8dfe-989c065c7772",
    "object_repr": "Дом и быт -> Ключи и доступ -> Ключи",
    "action_flag": 1,
    "change_message": "[{\"added\": {}}]"
  }
},
{
  "model": "admin.logentry",
  "pk": 62,
  "fields": {
    "action_time": "2025-03-19T18:18:20.153Z",
    "user": "b50f2d57-5645-4b4c-88f6-afa91a2f23f5",
    "content_type": 14,
    "object_id": "6bd6392d-50f6-4935-aea5-de292983cd0d",
    "object_repr": "Дом и быт -> Косметика и уход -> Парфюмерия",
    "action_flag": 1,
    "change_message": "[{\"added\": {}}]"
  }
},
{
  "model": "admin.logentry",
  "pk": 63,
  "fields": {
    "action_time": "2025-03-19T18:18:27.856Z",
    "user": "b50f2d57-5645-4b4c-88f6-afa91a2f23f5",
    "content_type": 14,
    "object_id": "133e5d04-8438-44ed-8dc3-b40d5be73d36",
    "object_repr": "Дом и быт -> Косметика и уход -> Косметика",
    "action_flag": 1,
    "change_message": "[{\"added\": {}}]"
  }
},
{
  "model": "admin.logentry",
  "pk": 64,
  "fields": {
    "action_time": "2025-03-19T20:18:33.354Z",
    "user": "b50f2d57-5645-4b4c-88f6-afa91a2f23f5",
    "content_type": 16,
    "object_id": "2623072f-5206-4488-9582-2232a2065ee3",
    "object_repr": "abdullovadlet@gmail.com",
    "action_flag": 3,
    "change_message": ""
  }
},
{
  "model": "admin.logentry",
  "pk": 65,
  "fields": {
    "action_time": "2025-03-19T20:23:20.968Z",
    "user": "b50f2d57-5645-4b4c-88f6-afa91a2f23f5",
    "content_type": 16,
    "object_id": "aaa39368-0f00-42ab-b4d2-59918bc2698c",
    "object_repr": "abdullovadlet@gmail.com",
    "action_flag": 3,
    "change_message": ""
  }
},
{
  "model": "admin.logentry",
  "pk": 66,
  "fields": {
    "action_time": "2025-03-23T13:22:48.079Z",
    "user": "b50f2d57-5645-4b4c-88f6-afa91a2f23f5",
    "content_type": 15,
    "object_id": "12aae073-ba91-44be-bb2a-f428035b3e91",
    "object_repr": "Iphone (Электроника -> Мобильные устройства)",
    "action_flag": 1,
    "change_message": "[{\"added\": {}}]"
  }
},
{
  "model": "admin.logentry",
  "pk": 67,
  "fields": {
    "action_time": "2025-03-24T16:51:04.691Z",
    "user": "b50f2d57-5645-4b4c-88f6-afa91a2f23f5",
    "content_type": 16,
    "object_id": "ef7ff994-224a-4ef5-be40-82eaba733168",
    "object_repr": "210103435@stu.sdu.edu.kz",
    "action_flag": 3,
    "change_message": ""
  }
},
{
  "model": "admin.logentry",
  "pk": 68,
  "fields": {
    "action_time": "2025-03-24T16:57:40.310Z",
    "user": "b50f2d57-5645-4b4c-88f6-afa91a2f23f5",
    "content_type": 16,
    "object_id": "c3d0048e-84f2-4f11-830b-01f358cc36e5",
    "object_repr": "210103435@stu.sdu.edu.kz",
    "action_flag": 3,
    "change_message": ""
  }
},
{
  "model": "admin.logentry",
  "pk": 69,
  "fields": {
    "action_time": "2025-03-25T07:20:54.137Z",
    "user": "b50f2d57-5645-4b4c-88f6-afa91a2f23f5",
    "content_type": 16,
    "object_id": "0b42af6b-922f-477e-9a11-0b05732257c9",
    "object_repr": "210103435@stu.sdu.edu.kz",
    "action_flag": 3,
    "change_message": ""
  }
},
{
  "model": "admin.logentry",
  "pk": 70,
  "fields": {
    "action_time": "2025-03-25T07:23:06.477Z",
    "user": "b50f2d57-5645-4b4c-88f6-afa91a2f23f5",
    "content_type": 16,
    "object_id": "f1901f8e-f2fc-4a9e-a68a-6eee31c5d3c3",
    "object_repr": "210103435@stu.sdu.edu.kz",
    "action_flag": 3,
    "change_message": ""
  }
},
{
  "model": "admin.logentry",
  "pk": 71,
  "fields": {
    "action_time": "2025-03-25T07:39:57.705Z",
    "user": "b50f2d57-5645-4b4c-88f6-afa91a2f23f5",
    "content_type": 16,
    "object_id": "d82b72bb-b87a-4ca0-90f3-25f341968ef8",
    "object_repr": "210103435@stu.sdu.edu.kz",
    "action_flag": 3,
    "change_message": ""
  }
},
{
  "model": "admin.logentry",
  "pk": 72,
  "fields": {
    "action_time": "2025-03-25T07:43:33.643Z",
    "user": "b50f2d57-5645-4b4c-88f6-afa91a2f23f5",
    "content_type": 16,
    "object_id": "4feb8200-d8d2-498d-b652-0ee37fb28c8d",
    "object_repr": "210103435@stu.sdu.edu.kz",
    "action_flag": 3,
    "change_message": ""
  }
},
{
  "model": "admin.logentry",
  "pk": 73,
  "fields": {
    "action_time": "2025-03-25T07:45:14.342Z",
    "user": "b50f2d57-5645-4b4c-88f6-afa91a2f23f5",
    "content_type": 16,
    "object_id": "abfa2c2d-4b3d-472a-b650-1366c7c7c657",
    "object_repr": "210103435@stu.sdu.edu.kz",
    "action_flag": 3,
    "change_message": ""
  }
},
{
  "model": "admin.logentry",
  "pk": 74,
  "fields": {
    "action_time": "2025-03-25T07:55:06.355Z",
    "user": "b50f2d57-5645-4b4c-88f6-afa91a2f23f5",
    "content_type": 16,
    "object_id": "8ea9f945-5b14-4082-8410-1cd8768fbf0c",
    "object_repr": "210103435@stu.sdu.edu.kz",
    "action_flag": 3,
    "change_message": ""
  }
},
{
  "model": "admin.logentry",
  "pk": 75,
  "fields": {
    "action_time": "2025-03-25T07:58:32.950Z",
    "user": "b50f2d57-5645-4b4c-88f6-afa91a2f23f5",
    "content_type": 16,
    "object_id": "2510d54b-3c54-4912-ad43-8b80e333bad9",
    "object_repr": "210103435@stu.sdu.edu.kz",
    "action_flag": 3,
    "change_message": ""
  }
},
{
  "model": "admin.logentry",
  "pk": 76,
  "fields": {
    "action_time": "2025-03-25T08:01:13.351Z",
    "user": "b50f2d57-5645-4b4c-88f6-afa91a2f23f5",
    "content_type": 16,
    "object_id": "121914ec-e2f6-4c8a-8f9a-089ec2afd3f3",
    "object_repr": "210103435@stu.sdu.edu.kz",
    "action_flag": 3,
    "change_message": ""
  }
},
{
  "model": "admin.logentry",
  "pk": 77,
  "fields": {
    "action_time": "2025-03-25T08:05:00.729Z",
    "user": "b50f2d57-5645-4b4c-88f6-afa91a2f23f5",
    "content_type": 16,
    "object_id": "32903b10-d8f6-4d94-a165-f3d72f043755",
    "object_repr": "210103435@stu.sdu.edu.kz",
    "action_flag": 3,
    "change_message": ""
  }
},
{
  "model": "admin.logentry",
  "pk": 78,
  "fields": {
    "action_time": "2025-03-25T08:07:32.382Z",
    "user": "b50f2d57-5645-4b4c-88f6-afa91a2f23f5",
    "content_type": 16,
    "object_id": "bc3ba312-040d-436a-8098-82869d6914c7",
    "object_repr": "210103435@stu.sdu.edu.kz",
    "action_flag": 3,
    "change_message": ""
  }
},
{
  "model": "admin.logentry",
  "pk": 79,
  "fields": {
    "action_time": "2025-03-31T14:27:33.600Z",
    "user": "b50f2d57-5645-4b4c-88f6-afa91a2f23f5",
    "content_type": 20,
    "object_id": "2",
    "object_repr": "localhost:8000",
    "action_flag": 1,
    "change_message": "[{\"added\": {}}]"
  }
},
{
  "model": "admin.logentry",
  "pk": 80,
  "fields": {
    "action_time": "2025-03-31T14:27:42.632Z",
    "user": "b50f2d57-5645-4b4c-88f6-afa91a2f23f5",
    "content_type": 8,
    "object_id": "1",
    "object_repr": "Google",
    "action_flag": 1,
    "change_message": "[{\"added\": {}}]"
  }
},
{
  "model": "admin.logentry",
  "pk": 81,
  "fields": {
    "action_time": "2025-04-01T16:30:39.908Z",
    "user": "b50f2d57-5645-4b4c-88f6-afa91a2f23f5",
    "content_type": 8,
    "object_id": "1",
    "object_repr": "Google",
    "action_flag": 3,
    "change_message": ""
  }
},
{
  "model": "admin.logentry",
  "pk": 82,
  "fields": {
    "action_time": "2025-04-02T15:21:46.128Z",
    "user": "b50f2d57-5645-4b4c-88f6-afa91a2f23f5",
    "content_type": 16,
    "object_id": "9d0b4688-94bf-46dd-a172-88bee89b56bf",
    "object_repr": "abdullovadlet@gmail.com",
    "action_flag": 3,
    "change_message": ""
  }
},
{
  "model": "admin.logentry",
  "pk": 83,
  "fields": {
    "action_time": "2025-04-06T07:44:49.896Z",
    "user": "b50f2d57-5645-4b4c-88f6-afa91a2f23f5",
    "content_type": 11,
    "object_id": "5d44599c-99ad-4275-9b50-cecf9df57138",
    "object_repr": "Личные вещи",
    "action_flag": 2,
    "change_message": "[{\"changed\": {\"fields\": [\"Photo\"]}}]"
  }
},
{
  "model": "admin.logentry",
  "pk": 84,
  "fields": {
    "action_time": "2025-04-06T07:45:05.985Z",
    "user": "b50f2d57-5645-4b4c-88f6-afa91a2f23f5",
    "content_type": 11,
    "object_id": "5d44599c-99ad-4275-9b50-cecf9df57138",
    "object_repr": "Личные вещи",
    "action_flag": 2,
    "change_message": "[]"
  }
},
{
  "model": "admin.logentry",
  "pk": 85,
  "fields": {
    "action_time": "2025-04-06T07:46:23.003Z",
    "user": "b50f2d57-5645-4b4c-88f6-afa91a2f23f5",
    "content_type": 11,
    "object_id": "ef8d9cf6-28da-4460-89f8-89d9ee5d24c8",
    "object_repr": "Электроника",
    "action_flag": 2,
    "change_message": "[{\"changed\": {\"fields\": [\"Photo\"]}}]"
  }
},
{
  "model": "admin.logentry",
  "pk": 86,
  "fields": {
    "action_time": "2025-04-06T07:46:32.699Z",
    "user": "b50f2d57-5645-4b4c-88f6-afa91a2f23f5",
    "content_type": 11,
    "object_id": "8c43adf8-b4b4-4e35-9762-669837b32ea1",
    "object_repr": "Транспорт",
    "action_flag": 2,
    "change_message": "[{\"changed\": {\"fields\": [\"Photo\"]}}]"
  }
},
{
  "model": "admin.logentry",
  "pk": 87,
  "fields": {
    "action_time": "2025-04-06T07:46:54.772Z",
    "user": "b50f2d57-5645-4b4c-88f6-afa91a2f23f5",
    "content_type": 11,
    "object_id": "824daf16-ccaf-4dbb-b806-2edf4984bd38",
    "object_repr": "Канцелярия и учеба",
    "action_flag": 2,
    "change_message": "[{\"changed\": {\"fields\": [\"Photo\"]}}]"
  }
},
{
  "model": "admin.logentry",
  "pk": 88,
  "fields": {
    "action_time": "2025-04-06T07:47:17.645Z",
    "user": "b50f2d57-5645-4b4c-88f6-afa91a2f23f5",
    "content_type": 11,
    "object_id": "5c886012-5ca8-4596-a94d-b223796f618b",
    "object_repr": "Документы",
    "action_flag": 2,
    "change_message": "[{\"changed\": {\"fields\": [\"Photo\"]}}]"
  }
},
{
  "model": "admin.logentry",
  "pk": 89,
  "fields": {
    "action_time": "2025-04-06T07:47:29.469Z",
    "user": "b50f2d57-5645-4b4c-88f6-afa91a2f23f5",
    "content_type": 11,
    "object_id": "21907229-450e-4f68-8869-8f34bfa7cbce",
    "object_repr": "Дом и быт",
    "action_flag": 2,
    "change_message": "[{\"changed\": {\"fields\": [\"Photo\"]}}]"
  }
},
{
  "model": "admin.logentry",
  "pk": 90,
  "fields": {
    "action_time": "2025-04-06T07:48:02.194Z",
    "user": "b50f2d57-5645-4b4c-88f6-afa91a2f23f5",
    "content_type": 11,
    "object_id": "637b8e52-aed3-468d-9b81-4843dbde6b9a",
    "object_repr": "Развлечения и хобби",
    "action_flag": 2,
    "change_message": "[{\"changed\": {\"fields\": [\"Photo\"]}}]"
  }
},
{
  "model": "admin.logentry",
  "pk": 91,
  "fields": {
    "action_time": "2025-04-06T10:37:49.697Z",
    "user": "b50f2d57-5645-4b4c-88f6-afa91a2f23f5",
    "content_type": 8,
    "object_id": "2",
    "object_repr": "google",
    "action_flag": 1,
    "change_message": "[{\"added\": {}}]"
  }
},
{
  "model": "admin.logentry",
  "pk": 92,
  "fields": {
    "action_time": "2025-04-06T10:38:04.885Z",
    "user": "b50f2d57-5645-4b4c-88f6-afa91a2f23f5",
    "content_type": 16,
    "object_id": "fa06ea54-3ff2-472d-9bc5-7e54f5822086",
    "object_repr": "abdullovadlet@gmail.com",
    "action_flag": 3,
    "change_message": ""
  }
},
{
  "model": "admin.logentry",
  "pk": 93,
  "fields": {
    "action_time": "2025-04-06T10:43:51.218Z",
    "user": "b50f2d57-5645-4b4c-88f6-afa91a2f23f5",
    "content_type": 16,
    "object_id": "c950449e-8a2b-4373-b09b-365a3d1a089d",
    "object_repr": "abdullovadlet@gmail.com",
    "action_flag": 3,
    "change_message": ""
  }
},
{
  "model": "admin.logentry",
  "pk": 94,
  "fields": {
    "action_time": "2025-04-14T14:56:15.552Z",
    "user": "b50f2d57-5645-4b4c-88f6-afa91a2f23f5",
    "content_type": 16,
    "object_id": "72444f5d-d406-4e85-b473-e7f6a26e9df7",
    "object_repr": "abdullovadlet@gmail.com",
    "action_flag": 3,
    "change_message": ""
  }
},
{
  "model": "admin.logentry",
  "pk": 95,
  "fields": {
    "action_time": "2025-04-16T19:08:57.074Z",
    "user": "b50f2d57-5645-4b4c-88f6-afa91a2f23f5",
    "content_type": 8,
    "object_id": "2",
    "object_repr": "google",
    "action_flag": 3,
    "change_message": ""
  }
},
{
  "model": "auth.permission",
  "pk": 1,
  "fields": {
    "name": "Can add permission",
    "content_type": 1,
    "codename": "add_permission"
  }
},
{
  "model": "auth.permission",
  "pk": 2,
  "fields": {
    "name": "Can change permission",
    "content_type": 1,
    "codename": "change_permission"
  }
},
{
  "model": "auth.permission",
  "pk": 3,
  "fields": {
    "name": "Can delete permission",
    "content_type": 1,
    "codename": "delete_permission"
  }
},
{
  "model": "auth.permission",
  "pk": 4,
  "fields": {
    "name": "Can view permission",
    "content_type": 1,
    "codename": "view_permission"
  }
},
{
  "model": "auth.permission",
  "pk": 5,
  "fields": {
    "name": "Can add group",
    "content_type": 2,
    "codename": "add_group"
  }
},
{
  "model": "auth.permission",
  "pk": 6,
  "fields": {
    "name": "Can change group",
    "content_type": 2,
    "codename": "change_group"
  }
},
{
  "model": "auth.permission",
  "pk": 7,
  "fields": {
    "name": "Can delete group",
    "content_type": 2,
    "codename": "delete_group"
  }
},
{
  "model": "auth.permission",
  "pk": 8,
  "fields": {
    "name": "Can view group",
    "content_type": 2,
    "codename": "view_group"
  }
},
{
  "model": "auth.permission",
  "pk": 9,
  "fields": {
    "name": "Can add content type",
    "content_type": 3,
    "codename": "add_contenttype"
  }
},
{
  "model": "auth.permission",
  "pk": 10,
  "fields": {
    "name": "Can change content type",
    "content_type": 3,
    "codename": "change_contenttype"
  }
},
{
  "model": "auth.permission",
  "pk": 11,
  "fields": {
    "name": "Can delete content type",
    "content_type": 3,
    "codename": "delete_contenttype"
  }
},
{
  "model": "auth.permission",
  "pk": 12,
  "fields": {
    "name": "Can view content type",
    "content_type": 3,
    "codename": "view_contenttype"
  }
},
{
  "model": "auth.permission",
  "pk": 13,
  "fields": {
    "name": "Can add session",
    "content_type": 4,
    "codename": "add_session"
  }
},
{
  "model": "auth.permission",
  "pk": 14,
  "fields": {
    "name": "Can change session",
    "content_type": 4,
    "codename": "change_session"
  }
},
{
  "model": "auth.permission",
  "pk": 15,
  "fields": {
    "name": "Can delete session",
    "content_type": 4,
    "codename": "delete_session"
  }
},
{
  "model": "auth.permission",
  "pk": 16,
  "fields": {
    "name": "Can view session",
    "content_type": 4,
    "codename": "view_session"
  }
},
{
  "model": "auth.permission",
  "pk": 17,
  "fields": {
    "name": "Can add email address",
    "content_type": 5,
    "codename": "add_emailaddress"
  }
},
{
  "model": "auth.permission",
  "pk": 18,
  "fields": {
    "name": "Can change email address",
    "content_type": 5,
    "codename": "change_emailaddress"
  }
},
{
  "model": "auth.permission",
  "pk": 19,
  "fields": {
    "name": "Can delete email address",
    "content_type": 5,
    "codename": "delete_emailaddress"
  }
},
{
  "model": "auth.permission",
  "pk": 20,
  "fields": {
    "name": "Can view email address",
    "content_type": 5,
    "codename": "view_emailaddress"
  }
},
{
  "model": "auth.permission",
  "pk": 21,
  "fields": {
    "name": "Can add email confirmation",
    "content_type": 6,
    "codename": "add_emailconfirmation"
  }
},
{
  "model": "auth.permission",
  "pk": 22,
  "fields": {
    "name": "Can change email confirmation",
    "content_type": 6,
    "codename": "change_emailconfirmation"
  }
},
{
  "model": "auth.permission",
  "pk": 23,
  "fields": {
    "name": "Can delete email confirmation",
    "content_type": 6,
    "codename": "delete_emailconfirmation"
  }
},
{
  "model": "auth.permission",
  "pk": 24,
  "fields": {
    "name": "Can view email confirmation",
    "content_type": 6,
    "codename": "view_emailconfirmation"
  }
},
{
  "model": "auth.permission",
  "pk": 25,
  "fields": {
    "name": "Can add social account",
    "content_type": 7,
    "codename": "add_socialaccount"
  }
},
{
  "model": "auth.permission",
  "pk": 26,
  "fields": {
    "name": "Can change social account",
    "content_type": 7,
    "codename": "change_socialaccount"
  }
},
{
  "model": "auth.permission",
  "pk": 27,
  "fields": {
    "name": "Can delete social account",
    "content_type": 7,
    "codename": "delete_socialaccount"
  }
},
{
  "model": "auth.permission",
  "pk": 28,
  "fields": {
    "name": "Can view social account",
    "content_type": 7,
    "codename": "view_socialaccount"
  }
},
{
  "model": "auth.permission",
  "pk": 29,
  "fields": {
    "name": "Can add social application",
    "content_type": 8,
    "codename": "add_socialapp"
  }
},
{
  "model": "auth.permission",
  "pk": 30,
  "fields": {
    "name": "Can change social application",
    "content_type": 8,
    "codename": "change_socialapp"
  }
},
{
  "model": "auth.permission",
  "pk": 31,
  "fields": {
    "name": "Can delete social application",
    "content_type": 8,
    "codename": "delete_socialapp"
  }
},
{
  "model": "auth.permission",
  "pk": 32,
  "fields": {
    "name": "Can view social application",
    "content_type": 8,
    "codename": "view_socialapp"
  }
},
{
  "model": "auth.permission",
  "pk": 33,
  "fields": {
    "name": "Can add social application token",
    "content_type": 9,
    "codename": "add_socialtoken"
  }
},
{
  "model": "auth.permission",
  "pk": 34,
  "fields": {
    "name": "Can change social application token",
    "content_type": 9,
    "codename": "change_socialtoken"
  }
},
{
  "model": "auth.permission",
  "pk": 35,
  "fields": {
    "name": "Can delete social application token",
    "content_type": 9,
    "codename": "delete_socialtoken"
  }
},
{
  "model": "auth.permission",
  "pk": 36,
  "fields": {
    "name": "Can view social application token",
    "content_type": 9,
    "codename": "view_socialtoken"
  }
},
{
  "model": "auth.permission",
  "pk": 37,
  "fields": {
    "name": "Can add chat message",
    "content_type": 10,
    "codename": "add_chatmessage"
  }
},
{
  "model": "auth.permission",
  "pk": 38,
  "fields": {
    "name": "Can change chat message",
    "content_type": 10,
    "codename": "change_chatmessage"
  }
},
{
  "model": "auth.permission",
  "pk": 39,
  "fields": {
    "name": "Can delete chat message",
    "content_type": 10,
    "codename": "delete_chatmessage"
  }
},
{
  "model": "auth.permission",
  "pk": 40,
  "fields": {
    "name": "Can view chat message",
    "content_type": 10,
    "codename": "view_chatmessage"
  }
},
{
  "model": "auth.permission",
  "pk": 41,
  "fields": {
    "name": "Can add category",
    "content_type": 11,
    "codename": "add_category"
  }
},
{
  "model": "auth.permission",
  "pk": 42,
  "fields": {
    "name": "Can change category",
    "content_type": 11,
    "codename": "change_category"
  }
},
{
  "model": "auth.permission",
  "pk": 43,
  "fields": {
    "name": "Can delete category",
    "content_type": 11,
    "codename": "delete_category"
  }
},
{
  "model": "auth.permission",
  "pk": 44,
  "fields": {
    "name": "Can view category",
    "content_type": 11,
    "codename": "view_category"
  }
},
{
  "model": "auth.permission",
  "pk": 45,
  "fields": {
    "name": "Can add item photo",
    "content_type": 12,
    "codename": "add_itemphoto"
  }
},
{
  "model": "auth.permission",
  "pk": 46,
  "fields": {
    "name": "Can change item photo",
    "content_type": 12,
    "codename": "change_itemphoto"
  }
},
{
  "model": "auth.permission",
  "pk": 47,
  "fields": {
    "name": "Can delete item photo",
    "content_type": 12,
    "codename": "delete_itemphoto"
  }
},
{
  "model": "auth.permission",
  "pk": 48,
  "fields": {
    "name": "Can view item photo",
    "content_type": 12,
    "codename": "view_itemphoto"
  }
},
{
  "model": "auth.permission",
  "pk": 49,
  "fields": {
    "name": "Can add subcategory",
    "content_type": 13,
    "codename": "add_subcategory"
  }
},
{
  "model": "auth.permission",
  "pk": 50,
  "fields": {
    "name": "Can change subcategory",
    "content_type": 13,
    "codename": "change_subcategory"
  }
},
{
  "model": "auth.permission",
  "pk": 51,
  "fields": {
    "name": "Can delete subcategory",
    "content_type": 13,
    "codename": "delete_subcategory"
  }
},
{
  "model": "auth.permission",
  "pk": 52,
  "fields": {
    "name": "Can view subcategory",
    "content_type": 13,
    "codename": "view_subcategory"
  }
},
{
  "model": "auth.permission",
  "pk": 53,
  "fields": {
    "name": "Can add subsubcategory",
    "content_type": 14,
    "codename": "add_subsubcategory"
  }
},
{
  "model": "auth.permission",
  "pk": 54,
  "fields": {
    "name": "Can change subsubcategory",
    "content_type": 14,
    "codename": "change_subsubcategory"
  }
},
{
  "model": "auth.permission",
  "pk": 55,
  "fields": {
    "name": "Can delete subsubcategory",
    "content_type": 14,
    "codename": "delete_subsubcategory"
  }
},
{
  "model": "auth.permission",
  "pk": 56,
  "fields": {
    "name": "Can view subsubcategory",
    "content_type": 14,
    "codename": "view_subsubcategory"
  }
},
{
  "model": "auth.permission",
  "pk": 57,
  "fields": {
    "name": "Can add item",
    "content_type": 15,
    "codename": "add_item"
  }
},
{
  "model": "auth.permission",
  "pk": 58,
  "fields": {
    "name": "Can change item",
    "content_type": 15,
    "codename": "change_item"
  }
},
{
  "model": "auth.permission",
  "pk": 59,
  "fields": {
    "name": "Can delete item",
    "content_type": 15,
    "codename": "delete_item"
  }
},
{
  "model": "auth.permission",
  "pk": 60,
  "fields": {
    "name": "Can view item",
    "content_type": 15,
    "codename": "view_item"
  }
},
{
  "model": "auth.permission",
  "pk": 61,
  "fields": {
    "name": "Can add user",
    "content_type": 16,
    "codename": "add_user"
  }
},
{
  "model": "auth.permission",
  "pk": 62,
  "fields": {
    "name": "Can change user",
    "content_type": 16,
    "codename": "change_user"
  }
},
{
  "model": "auth.permission",
  "pk": 63,
  "fields": {
    "name": "Can delete user",
    "content_type": 16,
    "codename": "delete_user"
  }
},
{
  "model": "auth.permission",
  "pk": 64,
  "fields": {
    "name": "Can view user",
    "content_type": 16,
    "codename": "view_user"
  }
},
{
  "model": "auth.permission",
  "pk": 65,
  "fields": {
    "name": "Can add verification code",
    "content_type": 17,
    "codename": "add_verificationcode"
  }
},
{
  "model": "auth.permission",
  "pk": 66,
  "fields": {
    "name": "Can change verification code",
    "content_type": 17,
    "codename": "change_verificationcode"
  }
},
{
  "model": "auth.permission",
  "pk": 67,
  "fields": {
    "name": "Can delete verification code",
    "content_type": 17,
    "codename": "delete_verificationcode"
  }
},
{
  "model": "auth.permission",
  "pk": 68,
  "fields": {
    "name": "Can view verification code",
    "content_type": 17,
    "codename": "view_verificationcode"
  }
},
{
  "model": "auth.permission",
  "pk": 69,
  "fields": {
    "name": "Can add blacklisted token",
    "content_type": 18,
    "codename": "add_blacklistedtoken"
  }
},
{
  "model": "auth.permission",
  "pk": 70,
  "fields": {
    "name": "Can change blacklisted token",
    "content_type": 18,
    "codename": "change_blacklistedtoken"
  }
},
{
  "model": "auth.permission",
  "pk": 71,
  "fields": {
    "name": "Can delete blacklisted token",
    "content_type": 18,
    "codename": "delete_blacklistedtoken"
  }
},
{
  "model": "auth.permission",
  "pk": 72,
  "fields": {
    "name": "Can view blacklisted token",
    "content_type": 18,
    "codename": "view_blacklistedtoken"
  }
},
{
  "model": "auth.permission",
  "pk": 73,
  "fields": {
    "name": "Can add outstanding token",
    "content_type": 19,
    "codename": "add_outstandingtoken"
  }
},
{
  "model": "auth.permission",
  "pk": 74,
  "fields": {
    "name": "Can change outstanding token",
    "content_type": 19,
    "codename": "change_outstandingtoken"
  }
},
{
  "model": "auth.permission",
  "pk": 75,
  "fields": {
    "name": "Can delete outstanding token",
    "content_type": 19,
    "codename": "delete_outstandingtoken"
  }
},
{
  "model": "auth.permission",
  "pk": 76,
  "fields": {
    "name": "Can view outstanding token",
    "content_type": 19,
    "codename": "view_outstandingtoken"
  }
},
{
  "model": "auth.permission",
  "pk": 77,
  "fields": {
    "name": "Can add site",
    "content_type": 20,
    "codename": "add_site"
  }
},
{
  "model": "auth.permission",
  "pk": 78,
  "fields": {
    "name": "Can change site",
    "content_type": 20,
    "codename": "change_site"
  }
},
{
  "model": "auth.permission",
  "pk": 79,
  "fields": {
    "name": "Can delete site",
    "content_type": 20,
    "codename": "delete_site"
  }
},
{
  "model": "auth.permission",
  "pk": 80,
  "fields": {
    "name": "Can view site",
    "content_type": 20,
    "codename": "view_site"
  }
},
{
  "model": "auth.permission",
  "pk": 81,
  "fields": {
    "name": "Can add log entry",
    "content_type": 21,
    "codename": "add_logentry"
  }
},
{
  "model": "auth.permission",
  "pk": 82,
  "fields": {
    "name": "Can change log entry",
    "content_type": 21,
    "codename": "change_logentry"
  }
},
{
  "model": "auth.permission",
  "pk": 83,
  "fields": {
    "name": "Can delete log entry",
    "content_type": 21,
    "codename": "delete_logentry"
  }
},
{
  "model": "auth.permission",
  "pk": 84,
  "fields": {
    "name": "Can view log entry",
    "content_type": 21,
    "codename": "view_logentry"
  }
},
{
  "model": "contenttypes.contenttype",
  "pk": 1,
  "fields": {
    "app_label": "auth",
    "model": "permission"
  }
},
{
  "model": "contenttypes.contenttype",
  "pk": 2,
  "fields": {
    "app_label": "auth",
    "model": "group"
  }
},
{
  "model": "contenttypes.contenttype",
  "pk": 3,
  "fields": {
    "app_label": "contenttypes",
    "model": "contenttype"
  }
},
{
  "model": "contenttypes.contenttype",
  "pk": 4,
  "fields": {
    "app_label": "sessions",
    "model": "session"
  }
},
{
  "model": "contenttypes.contenttype",
  "pk": 5,
  "fields": {
    "app_label": "account",
    "model": "emailaddress"
  }
},
{
  "model": "contenttypes.contenttype",
  "pk": 6,
  "fields": {
    "app_label": "account",
    "model": "emailconfirmation"
  }
},
{
  "model": "contenttypes.contenttype",
  "pk": 7,
  "fields": {
    "app_label": "socialaccount",
    "model": "socialaccount"
  }
},
{
  "model": "contenttypes.contenttype",
  "pk": 8,
  "fields": {
    "app_label": "socialaccount",
    "model": "socialapp"
  }
},
{
  "model": "contenttypes.contenttype",
  "pk": 9,
  "fields": {
    "app_label": "socialaccount",
    "model": "socialtoken"
  }
},
{
  "model": "contenttypes.contenttype",
  "pk": 10,
  "fields": {
    "app_label": "chat",
    "model": "chatmessage"
  }
},
{
  "model": "contenttypes.contenttype",
  "pk": 11,
  "fields": {
    "app_label": "items",
    "model": "category"
  }
},
{
  "model": "contenttypes.contenttype",
  "pk": 12,
  "fields": {
    "app_label": "items",
    "model": "itemphoto"
  }
},
{
  "model": "contenttypes.contenttype",
  "pk": 13,
  "fields": {
    "app_label": "items",
    "model": "subcategory"
  }
},
{
  "model": "contenttypes.contenttype",
  "pk": 14,
  "fields": {
    "app_label": "items",
    "model": "subsubcategory"
  }
},
{
  "model": "contenttypes.contenttype",
  "pk": 15,
  "fields": {
    "app_label": "items",
    "model": "item"
  }
},
{
  "model": "contenttypes.contenttype",
  "pk": 16,
  "fields": {
    "app_label": "users",
    "model": "user"
  }
},
{
  "model": "contenttypes.contenttype",
  "pk": 17,
  "fields": {
    "app_label": "users",
    "model": "verificationcode"
  }
},
{
  "model": "contenttypes.contenttype",
  "pk": 18,
  "fields": {
    "app_label": "token_blacklist",
    "model": "blacklistedtoken"
  }
},
{
  "model": "contenttypes.contenttype",
  "pk": 19,
  "fields": {
    "app_label": "token_blacklist",
    "model": "outstandingtoken"
  }
},
{
  "model": "contenttypes.contenttype",
  "pk": 20,
  "fields": {
    "app_label": "sites",
    "model": "site"
  }
},
{
  "model": "contenttypes.contenttype",
  "pk": 21,
  "fields": {
    "app_label": "admin",
    "model": "logentry"
  }
},
{
  "model": "sessions.session",
  "pk": "25xwdsfugsn9nwk6u7ij807kq0tzrpcu",
  "fields": {
    "session_data": ".eJxVjMsOgjAQRf-layF02pkWd_ojZPqYQCQlkbIy_rtgWOjyPs55qYG3Og7bmp_DlNRVBewEEroGyWJjg42N90INC_eaQcAIqssvFjg-cjlYnuejbjnGZSu1_X7OeW1ve8qlTpHrtJT7Sf2pRl7H3eMcoUWRFKz1Rjv0ngxTAGey7yAC7BFSrzUBJ5MQYyCfAxF5kmjV-wP8vESz:1u4fEW:cUwLTPwGfoFvKpc7K3Mdkoj0PT7COHJfsmGE3bacTvI",
    "expire_date": "2025-04-29T12:17:44.711Z"
  }
},
{
  "model": "sessions.session",
  "pk": "fifue23zy2f504rqxqdlue8fusq9udp0",
  "fields": {
    "session_data": ".eJxVy8EOgjAQhOF36VlIu-y2xaOJz0GmWxoaFROBk_HdlcSDXuef72kGbOs0bMv4GGo2R5PEFsoSGvEsDSfWJsbiGxT0DlSoK2IOvyxBL-O8230b57Uq1nqf229Y2vMN9Xr63v7shGX6wIKOUwcXvLXQEJlEckSOCoFNRB5RKWvPLD4EL06Ds-xyb706Sub1BqPrPtY:1tzAmR:x5vNkmo4UjIHnI40vSt9J4XSektauINnJGeuTxtOI1Y",
    "expire_date": "2025-04-14T08:46:03.471Z"
  }
},
{
  "model": "sessions.session",
  "pk": "o5z1qsb4mfk812ft9reklfldcniijbl1",
  "fields": {
    "session_data": ".eJxVjE0OgjAQRu_StSXtMNMWd3oRMp3SQCQlkbIy3l0wLHT5_bz3Uj1vdey3dXj2U1JXFclkSOQ1OSSNEUWHkJ3mzJ1lyNBmUpdfLLI8hnKwPM9H3bDIspXafD_nvDa3PQ2lTsJ1Wsr9pP5UI6_j7sncYmzZemcMiw8IRClwCsLEJgI4DgJJOkRy3juy4q1BmzrjxEJU7w8e20Tl:1u1NbP:sCBel2EuEhIXLBdQEVJekouEzUEKcgIYs5ouEK84QI4",
    "expire_date": "2025-04-20T10:51:47.529Z"
  }
},
{
  "model": "account.emailaddress",
  "pk": 1,
  "fields": {
    "user": "b50f2d57-5645-4b4c-88f6-afa91a2f23f5",
    "email": "admin@gmail.com",
    "verified": false,
    "primary": false
  }
},
{
  "model": "account.emailaddress",
  "pk": 3,
  "fields": {
    "user": "aa9a4fc2-99bb-493f-8f2c-c8c11ccb2c53",
    "email": "klassyreservation@gmail.com",
    "verified": true,
    "primary": true
  }
},
{
  "model": "socialaccount.socialaccount",
  "pk": 2,
  "fields": {
    "user": "aa9a4fc2-99bb-493f-8f2c-c8c11ccb2c53",
    "provider": "google",
    "uid": "109785553258320642073",
    "last_login": "2025-04-06T10:51:24.699Z",
    "date_joined": "2025-04-06T10:51:24.699Z",
    "extra_data": {
      "aud": "506586332422-2vn4364q7n2jb9jouo66c4f9mljl9ip9.apps.googleusercontent.com",
      "azp": "506586332422-2vn4364q7n2jb9jouo66c4f9mljl9ip9.apps.googleusercontent.com",
      "exp": 1743940284,
      "iat": 1743936684,
      "iss": "https://accounts.google.com",
      "sub": "109785553258320642073",
      "name": "Oleg",
      "email": "klassyreservation@gmail.com",
      "at_hash": "0Egkhj6p3qKFLsELfvdfoA",
      "picture": "https://lh3.googleusercontent.com/a/ACg8ocIQI8NsmVa5IYWYDoy6QL71ZCjgIW_NCKRbGaeSqN76jwPI1w=s96-c",
      "given_name": "Oleg",
      "email_verified": true
    }
  }
},
{
  "model": "items.category",
  "pk": "21907229-450e-4f68-8869-8f34bfa7cbce",
  "fields": {
    "name": "Дом и быт",
    "photo": "categories/11058969_46776.jpg"
  }
},
{
  "model": "items.category",
  "pk": "5c886012-5ca8-4596-a94d-b223796f618b",
  "fields": {
    "name": "Документы",
    "photo": "categories/folders_with_files_or_documents_vector_illustrations_set.jpg"
  }
},
{
  "model": "items.category",
  "pk": "5d44599c-99ad-4275-9b50-cecf9df57138",
  "fields": {
    "name": "Личные вещи",
    "photo": "categories/4547226_4007.jpg"
  }
},
{
  "model": "items.category",
  "pk": "637b8e52-aed3-468d-9b81-4843dbde6b9a",
  "fields": {
    "name": "Развлечения и хобби",
    "photo": "categories/17722717_5815512.jpg"
  }
},
{
  "model": "items.category",
  "pk": "824daf16-ccaf-4dbb-b806-2edf4984bd38",
  "fields": {
    "name": "Канцелярия и учеба",
    "photo": "categories/notebooks_and_writing_tools_vector_illustrations_set.jpg"
  }
},
{
  "model": "items.category",
  "pk": "8c43adf8-b4b4-4e35-9762-669837b32ea1",
  "fields": {
    "name": "Транспорт",
    "photo": "categories/69241262_9685035.jpg"
  }
},
{
  "model": "items.category",
  "pk": "ef8d9cf6-28da-4460-89f8-89d9ee5d24c8",
  "fields": {
    "name": "Электроника",
    "photo": "categories/1276742_135070-OTI84P-45-01.jpg"
  }
},
{
  "model": "items.subcategory",
  "pk": "01280f2e-f573-4987-9bc1-679c6343b8f4",
  "fields": {
    "category": "8c43adf8-b4b4-4e35-9762-669837b32ea1",
    "name": "Ключи и доступ"
  }
},
{
  "model": "items.subcategory",
  "pk": "0d4baaf2-9fed-4a5c-8753-8bdbeaafb43b",
  "fields": {
    "category": "21907229-450e-4f68-8869-8f34bfa7cbce",
    "name": "Косметика и уход"
  }
},
{
  "model": "items.subcategory",
  "pk": "20130f88-76b8-4293-996d-bbd661f386e7",
  "fields": {
    "category": "637b8e52-aed3-468d-9b81-4843dbde6b9a",
    "name": "Спортивные аксессуары"
  }
},
{
  "model": "items.subcategory",
  "pk": "376d683e-1e6b-43c2-82bb-a5e2d4900939",
  "fields": {
    "category": "824daf16-ccaf-4dbb-b806-2edf4984bd38",
    "name": "Учебные принадлежности"
  }
},
{
  "model": "items.subcategory",
  "pk": "3dc25a1d-ba3f-4be8-8f52-f90bbfdeffa0",
  "fields": {
    "category": "8c43adf8-b4b4-4e35-9762-669837b32ea1",
    "name": "Транспортные документы"
  }
},
{
  "model": "items.subcategory",
  "pk": "42b2956d-318b-4aa1-8ff5-44fc54c98caa",
  "fields": {
    "category": "ef8d9cf6-28da-4460-89f8-89d9ee5d24c8",
    "name": "Мобильные устройства"
  }
},
{
  "model": "items.subcategory",
  "pk": "5224f364-635c-4084-99c9-bd710ef92a28",
  "fields": {
    "category": "5c886012-5ca8-4596-a94d-b223796f618b",
    "name": "Водительские документы"
  }
},
{
  "model": "items.subcategory",
  "pk": "5c5b8343-2fc0-464a-9304-007307cef0fd",
  "fields": {
    "category": "5c886012-5ca8-4596-a94d-b223796f618b",
    "name": "Удостоверения личности"
  }
},
{
  "model": "items.subcategory",
  "pk": "5fb8796b-3176-4b06-9e61-31eeb2e9c42b",
  "fields": {
    "category": "5d44599c-99ad-4275-9b50-cecf9df57138",
    "name": "Одежда"
  }
},
{
  "model": "items.subcategory",
  "pk": "6082099f-cdbc-4383-92a8-4b8520b8ff49",
  "fields": {
    "category": "5d44599c-99ad-4275-9b50-cecf9df57138",
    "name": "Аксессуары"
  }
},
{
  "model": "items.subcategory",
  "pk": "6d4516cf-c512-4679-8159-0567386977e7",
  "fields": {
    "category": "ef8d9cf6-28da-4460-89f8-89d9ee5d24c8",
    "name": "Аудио и видео"
  }
},
{
  "model": "items.subcategory",
  "pk": "7869713d-27e1-4812-9107-ec7c0bcbfd3c",
  "fields": {
    "category": "21907229-450e-4f68-8869-8f34bfa7cbce",
    "name": "Ключи и доступ"
  }
},
{
  "model": "items.subcategory",
  "pk": "86c45345-dd15-46d1-beb9-9b1fe7fbc2aa",
  "fields": {
    "category": "637b8e52-aed3-468d-9b81-4843dbde6b9a",
    "name": "Гаджеты и подписки"
  }
},
{
  "model": "items.subcategory",
  "pk": "9b30ece9-c588-4005-81c6-8beb705975f4",
  "fields": {
    "category": "5c886012-5ca8-4596-a94d-b223796f618b",
    "name": "Образовательные документы"
  }
},
{
  "model": "items.subcategory",
  "pk": "af7efa10-1693-4dc0-ac5d-3e296f71adda",
  "fields": {
    "category": "ef8d9cf6-28da-4460-89f8-89d9ee5d24c8",
    "name": "Умные устройства"
  }
},
{
  "model": "items.subcategory",
  "pk": "c410b017-d476-4413-8899-6c22b7385091",
  "fields": {
    "category": "5c886012-5ca8-4596-a94d-b223796f618b",
    "name": "Финансовые документы"
  }
},
{
  "model": "items.subcategory",
  "pk": "da5d1048-02d7-4f3d-904d-cca2515ccafe",
  "fields": {
    "category": "637b8e52-aed3-468d-9b81-4843dbde6b9a",
    "name": "Игры и досуг"
  }
},
{
  "model": "items.subcategory",
  "pk": "da63d846-caff-49d8-8366-3b2382a8e653",
  "fields": {
    "category": "ef8d9cf6-28da-4460-89f8-89d9ee5d24c8",
    "name": "Компьютеры и аксессуары"
  }
},
{
  "model": "items.subsubcategory",
  "pk": "084424b0-3d04-4d43-9894-0e9af0406dde",
  "fields": {
    "category": "8c43adf8-b4b4-4e35-9762-669837b32ea1",
    "subcategory": "3dc25a1d-ba3f-4be8-8f52-f90bbfdeffa0",
    "name": "Проездные карты"
  }
},
{
  "model": "items.subsubcategory",
  "pk": "0916141f-dbbe-49df-85fa-7e57819d61d6",
  "fields": {
    "category": "ef8d9cf6-28da-4460-89f8-89d9ee5d24c8",
    "subcategory": "42b2956d-318b-4aa1-8ff5-44fc54c98caa",
    "name": "Планшеты"
  }
},
{
  "model": "items.subsubcategory",
  "pk": "0ce2eb74-01d7-42ff-b02a-eacea808c815",
  "fields": {
    "category": "ef8d9cf6-28da-4460-89f8-89d9ee5d24c8",
    "subcategory": "42b2956d-318b-4aa1-8ff5-44fc54c98caa",
    "name": "Смартфоны"
  }
},
{
  "model": "items.subsubcategory",
  "pk": "133e5d04-8438-44ed-8dc3-b40d5be73d36",
  "fields": {
    "category": "21907229-450e-4f68-8869-8f34bfa7cbce",
    "subcategory": "0d4baaf2-9fed-4a5c-8753-8bdbeaafb43b",
    "name": "Косметика"
  }
},
{
  "model": "items.subsubcategory",
  "pk": "139ecdca-c9db-446b-ab4c-aa7f01775806",
  "fields": {
    "category": "5d44599c-99ad-4275-9b50-cecf9df57138",
    "subcategory": "6082099f-cdbc-4383-92a8-4b8520b8ff49",
    "name": "Часы"
  }
},
{
  "model": "items.subsubcategory",
  "pk": "19cd2af8-2d1f-40e6-950d-6030ad915bcd",
  "fields": {
    "category": "637b8e52-aed3-468d-9b81-4843dbde6b9a",
    "subcategory": "20130f88-76b8-4293-996d-bbd661f386e7",
    "name": "Фитнес-товары"
  }
},
{
  "model": "items.subsubcategory",
  "pk": "1a7db2ce-7ac4-416a-a8ca-d7a8a43960cb",
  "fields": {
    "category": "5d44599c-99ad-4275-9b50-cecf9df57138",
    "subcategory": "6082099f-cdbc-4383-92a8-4b8520b8ff49",
    "name": "Украшения"
  }
},
{
  "model": "items.subsubcategory",
  "pk": "1cab4c2b-1a83-4e29-8848-518365403150",
  "fields": {
    "category": "637b8e52-aed3-468d-9b81-4843dbde6b9a",
    "subcategory": "da5d1048-02d7-4f3d-904d-cca2515ccafe",
    "name": "Настольные игры"
  }
},
{
  "model": "items.subsubcategory",
  "pk": "1d9c7494-9e13-480e-949e-63360a03b3ce",
  "fields": {
    "category": "5d44599c-99ad-4275-9b50-cecf9df57138",
    "subcategory": "6082099f-cdbc-4383-92a8-4b8520b8ff49",
    "name": "Перчатки и шарфы"
  }
},
{
  "model": "items.subsubcategory",
  "pk": "2130286c-faf6-43b1-8dfe-989c065c7772",
  "fields": {
    "category": "21907229-450e-4f68-8869-8f34bfa7cbce",
    "subcategory": "7869713d-27e1-4812-9107-ec7c0bcbfd3c",
    "name": "Ключи"
  }
},
{
  "model": "items.subsubcategory",
  "pk": "30fd1599-ebd3-449f-b1f8-610dc7f457a7",
  "fields": {
    "category": "637b8e52-aed3-468d-9b81-4843dbde6b9a",
    "subcategory": "86c45345-dd15-46d1-beb9-9b1fe7fbc2aa",
    "name": "Развлекательные устройства"
  }
},
{
  "model": "items.subsubcategory",
  "pk": "35094dbd-4b29-4e6d-aee2-0aae916ccb23",
  "fields": {
    "category": "8c43adf8-b4b4-4e35-9762-669837b32ea1",
    "subcategory": "3dc25a1d-ba3f-4be8-8f52-f90bbfdeffa0",
    "name": "Регистрационные документы"
  }
},
{
  "model": "items.subsubcategory",
  "pk": "520111a7-c1e8-4241-88d4-6c6ef391813b",
  "fields": {
    "category": "ef8d9cf6-28da-4460-89f8-89d9ee5d24c8",
    "subcategory": "6d4516cf-c512-4679-8159-0567386977e7",
    "name": "Наушники"
  }
},
{
  "model": "items.subsubcategory",
  "pk": "60d7da9a-a8e6-4f53-a659-c7acdeef27d1",
  "fields": {
    "category": "637b8e52-aed3-468d-9b81-4843dbde6b9a",
    "subcategory": "86c45345-dd15-46d1-beb9-9b1fe7fbc2aa",
    "name": "Билеты и абонементы"
  }
},
{
  "model": "items.subsubcategory",
  "pk": "6287b446-566f-4a75-a0d6-8eb9dfea2214",
  "fields": {
    "category": "5d44599c-99ad-4275-9b50-cecf9df57138",
    "subcategory": "6082099f-cdbc-4383-92a8-4b8520b8ff49",
    "name": "Сумки и рюкзаки"
  }
},
{
  "model": "items.subsubcategory",
  "pk": "64da8f4d-e377-4b59-a3a5-843e5e7ee24f",
  "fields": {
    "category": "5c886012-5ca8-4596-a94d-b223796f618b",
    "subcategory": "c410b017-d476-4413-8899-6c22b7385091",
    "name": "Банковские карты"
  }
},
{
  "model": "items.subsubcategory",
  "pk": "64e160e2-6add-4f58-bdea-a9eeab3567aa",
  "fields": {
    "category": "5d44599c-99ad-4275-9b50-cecf9df57138",
    "subcategory": "5fb8796b-3176-4b06-9e61-31eeb2e9c42b",
    "name": "Обувь"
  }
},
{
  "model": "items.subsubcategory",
  "pk": "6bd6392d-50f6-4935-aea5-de292983cd0d",
  "fields": {
    "category": "21907229-450e-4f68-8869-8f34bfa7cbce",
    "subcategory": "0d4baaf2-9fed-4a5c-8753-8bdbeaafb43b",
    "name": "Парфюмерия"
  }
},
{
  "model": "items.subsubcategory",
  "pk": "72d336d0-922a-469e-a6de-dd8710dfe90f",
  "fields": {
    "category": "ef8d9cf6-28da-4460-89f8-89d9ee5d24c8",
    "subcategory": "af7efa10-1693-4dc0-ac5d-3e296f71adda",
    "name": "Фитнес-гаджеты"
  }
},
{
  "model": "items.subsubcategory",
  "pk": "79ff0bfa-18dc-4603-8abc-7b469873728c",
  "fields": {
    "category": "5c886012-5ca8-4596-a94d-b223796f618b",
    "subcategory": "5c5b8343-2fc0-464a-9304-007307cef0fd",
    "name": "Паспорт"
  }
},
{
  "model": "items.subsubcategory",
  "pk": "7bd45f12-1c65-496f-ab49-c14b1fbbf457",
  "fields": {
    "category": "5d44599c-99ad-4275-9b50-cecf9df57138",
    "subcategory": "6082099f-cdbc-4383-92a8-4b8520b8ff49",
    "name": "Очки"
  }
},
{
  "model": "items.subsubcategory",
  "pk": "7f48f0cf-7617-43af-8014-2795811688a3",
  "fields": {
    "category": "5c886012-5ca8-4596-a94d-b223796f618b",
    "subcategory": "5224f364-635c-4084-99c9-bd710ef92a28",
    "name": "Водительские права"
  }
},
{
  "model": "items.subsubcategory",
  "pk": "8ae8c53d-c453-4603-adf4-e40f540dc5bc",
  "fields": {
    "category": "5d44599c-99ad-4275-9b50-cecf9df57138",
    "subcategory": "5fb8796b-3176-4b06-9e61-31eeb2e9c42b",
    "name": "Верхняя одежда"
  }
},
{
  "model": "items.subsubcategory",
  "pk": "8d8994f1-8340-432b-99be-8e7c9bf642ee",
  "fields": {
    "category": "5c886012-5ca8-4596-a94d-b223796f618b",
    "subcategory": "c410b017-d476-4413-8899-6c22b7385091",
    "name": "Страховые документы"
  }
},
{
  "model": "items.subsubcategory",
  "pk": "8eb2b90c-22fa-41d7-9568-088fa3b1699e",
  "fields": {
    "category": "5d44599c-99ad-4275-9b50-cecf9df57138",
    "subcategory": "6082099f-cdbc-4383-92a8-4b8520b8ff49",
    "name": "Головные уборы"
  }
},
{
  "model": "items.subsubcategory",
  "pk": "986873ce-da24-421b-8d8b-f3c90f8061a0",
  "fields": {
    "category": "5d44599c-99ad-4275-9b50-cecf9df57138",
    "subcategory": "6082099f-cdbc-4383-92a8-4b8520b8ff49",
    "name": "Ремни"
  }
},
{
  "model": "items.subsubcategory",
  "pk": "9a01c99d-9fff-486d-bd31-219502f441cd",
  "fields": {
    "category": "5c886012-5ca8-4596-a94d-b223796f618b",
    "subcategory": "9b30ece9-c588-4005-81c6-8beb705975f4",
    "name": "Студенческие документы"
  }
},
{
  "model": "items.subsubcategory",
  "pk": "b20d8683-5b30-424d-9d79-3065cbaaa2a6",
  "fields": {
    "category": "ef8d9cf6-28da-4460-89f8-89d9ee5d24c8",
    "subcategory": "da63d846-caff-49d8-8366-3b2382a8e653",
    "name": "Ноутбуки"
  }
},
{
  "model": "items.subsubcategory",
  "pk": "b22c3da0-e4a5-498f-8776-fe9488a724fa",
  "fields": {
    "category": "ef8d9cf6-28da-4460-89f8-89d9ee5d24c8",
    "subcategory": "af7efa10-1693-4dc0-ac5d-3e296f71adda",
    "name": "GPS-трекеры"
  }
},
{
  "model": "items.subsubcategory",
  "pk": "b2e07cc7-e21c-4233-becf-bb58adc12bed",
  "fields": {
    "category": "824daf16-ccaf-4dbb-b806-2edf4984bd38",
    "subcategory": "376d683e-1e6b-43c2-82bb-a5e2d4900939",
    "name": "Блокноты и книги"
  }
},
{
  "model": "items.subsubcategory",
  "pk": "b30614d6-bb21-440e-8098-a80d73e5779e",
  "fields": {
    "category": "ef8d9cf6-28da-4460-89f8-89d9ee5d24c8",
    "subcategory": "6d4516cf-c512-4679-8159-0567386977e7",
    "name": "Колонки"
  }
},
{
  "model": "items.subsubcategory",
  "pk": "b825cc38-992d-4037-9564-db717f06fc39",
  "fields": {
    "category": "5d44599c-99ad-4275-9b50-cecf9df57138",
    "subcategory": "5fb8796b-3176-4b06-9e61-31eeb2e9c42b",
    "name": "Другая одежда"
  }
},
{
  "model": "items.subsubcategory",
  "pk": "e78c6dd9-5858-4325-9126-37abcf108ce7",
  "fields": {
    "category": "ef8d9cf6-28da-4460-89f8-89d9ee5d24c8",
    "subcategory": "6d4516cf-c512-4679-8159-0567386977e7",
    "name": "Фото и видео"
  }
},
{
  "model": "items.subsubcategory",
  "pk": "ea87704b-eb68-48e2-8a7d-847a4f31658d",
  "fields": {
    "category": "8c43adf8-b4b4-4e35-9762-669837b32ea1",
    "subcategory": "01280f2e-f573-4987-9bc1-679c6343b8f4",
    "name": "Автомобильные ключи"
  }
},
{
  "model": "items.subsubcategory",
  "pk": "eb73ef71-9415-4258-bb94-e13b2bf11f19",
  "fields": {
    "category": "824daf16-ccaf-4dbb-b806-2edf4984bd38",
    "subcategory": "376d683e-1e6b-43c2-82bb-a5e2d4900939",
    "name": "Письменные принадлежности"
  }
},
{
  "model": "items.subsubcategory",
  "pk": "fab00da4-4654-4e7b-ad67-4235101fb7dc",
  "fields": {
    "category": "5d44599c-99ad-4275-9b50-cecf9df57138",
    "subcategory": "6082099f-cdbc-4383-92a8-4b8520b8ff49",
    "name": "Кошельки и кардхолдеры"
  }
},
{
  "model": "items.subsubcategory",
  "pk": "fb921c48-7a88-41f4-9dfd-120d6573eb07",
  "fields": {
    "category": "8c43adf8-b4b4-4e35-9762-669837b32ea1",
    "subcategory": "01280f2e-f573-4987-9bc1-679c6343b8f4",
    "name": "Замки и аксессуары"
  }
},
{
  "model": "items.subsubcategory",
  "pk": "fd214a0e-2046-4e1d-9c53-a17a4f02d4a6",
  "fields": {
    "category": "ef8d9cf6-28da-4460-89f8-89d9ee5d24c8",
    "subcategory": "da63d846-caff-49d8-8366-3b2382a8e653",
    "name": "Аксессуары"
  }
},
{
  "model": "items.item",
  "pk": "aeb9db8c-1498-4a98-b955-e200aca6d090",
  "fields": {
    "title": "Lost Black iPhone",
    "item_type": "lost_item",
    "description": "Lost near the library on 5th.",
    "latitude": 40.73061,
    "longitude": -73.935242,
    "date": "2025-04-17T14:00:00Z",
    "address": "123 Library Street, NY",
    "status": "active",
    "user": "909e77ed-f88a-4bd8-8191-736619469274",
    "category": "ef8d9cf6-28da-4460-89f8-89d9ee5d24c8",
    "subcategory": "42b2956d-318b-4aa1-8ff5-44fc54c98caa",
    "subsubcategory": "0ce2eb74-01d7-42ff-b02a-eacea808c815",
    "phone_number": "+1234567890"
  }
},
{
  "model": "items.itemphoto",
  "pk": "46b347be-df78-4e34-a312-dbbf7d47dc9b",
  "fields": {
    "item": "aeb9db8c-1498-4a98-b955-e200aca6d090",
    "image": "item_photos/default.jpg",
    "predicted_category": null
  }
},
{
  "model": "users.user",
  "pk": "3d4beff0-0ce4-4895-a310-7f09382113c3",
  "fields": {
    "password": "pbkdf2_sha256$870000$5ae5P6JzVUG80sIgaPmxHn$YaZRAd1fwnrx7U6hG7mAPpdo1PrGQAyMYvyIzP75lAg=",
    "last_login": null,
    "is_superuser": true,
    "username": "admin2",
    "first_name": "",
    "last_name": "",
    "is_staff": true,
    "is_active": true,
    "date_joined": "2025-03-19T17:43:57.207Z",
    "email": "admin2@gmail.com",
    "phone_number": "",
    "birthday": null,
    "profile_picture": "profile_photo/photo_2025-02-24 23.37.57.jpeg",
    "qr_code": "",
    "groups": [],
    "user_permissions": []
  }
},
{
  "model": "users.user",
  "pk": "909e77ed-f88a-4bd8-8191-736619469274",
  "fields": {
    "password": "pbkdf2_sha256$1000000$xbZNKdafu2cxqUn5hviJJx$JT7FZvL+sAB/OmJ55XiI6goby5eljcZvu3HDInNuUx0=",
    "last_login": null,
    "is_superuser": false,
    "username": "abdullovadlet",
    "first_name": "Adilet",
    "last_name": "Abdullov",
    "is_staff": false,
    "is_active": true,
    "date_joined": "2025-04-15T12:17:44.200Z",
    "email": "abdullovadlet@gmail.com",
    "phone_number": "",
    "birthday": null,
    "profile_picture": "profile_photo/photo_2025-02-24 23.37.57.jpeg",
    "qr_code": "qr_codes/qr_909e77ed-f88a-4bd8-8191-736619469274_vlAzAcM.png",
    "groups": [],
    "user_permissions": []
  }
},
{
  "model": "users.user",
  "pk": "926e174f-11ec-4a76-8865-277397120330",
  "fields": {
    "password": "pbkdf2_sha256$870000$fQZw3J2Apf4SgJvhFJVR9P$oauD7+y+kRIp0Gz7DeAU0sS1cjPHjuwxlwEyulhUUak=",
    "last_login": null,
    "is_superuser": false,
    "username": "210103435",
    "first_name": "Ed",
    "last_name": "Stark",
    "is_staff": false,
    "is_active": true,
    "date_joined": "2025-03-31T08:46:03.128Z",
    "email": "210103435@stu.sdu.edu.kz",
    "phone_number": "+1234567890",
    "birthday": null,
    "profile_picture": "profile_photo/photo_2025-02-24 23.37.57.jpeg",
    "qr_code": "qr_codes/qr_926e174f-11ec-4a76-8865-277397120330_0ivkRP2.png",
    "groups": [],
    "user_permissions": []
  }
},
{
  "model": "users.user",
  "pk": "aa9a4fc2-99bb-493f-8f2c-c8c11ccb2c53",
  "fields": {
    "password": "!fv3oNINScL5ZrRyCgovtYYblUhFd1vIb639Na9R2",
    "last_login": "2025-04-06T10:51:24.704Z",
    "is_superuser": false,
    "username": "oleg",
    "first_name": "Oleg",
    "last_name": "",
    "is_staff": false,
    "is_active": true,
    "date_joined": "2025-04-06T10:51:24.564Z",
    "email": "klassyreservation@gmail.com",
    "phone_number": "",
    "birthday": null,
    "profile_picture": "profile_photo/photo_2025-02-24 23.37.57.jpeg",
    "qr_code": "qr_codes/qr_aa9a4fc2-99bb-493f-8f2c-c8c11ccb2c53_K0S7o8I.png",
    "groups": [],
    "user_permissions": []
  }
},
{
  "model": "users.user",
  "pk": "b50f2d57-5645-4b4c-88f6-afa91a2f23f5",
  "fields": {
    "password": "pbkdf2_sha256$1000000$VQiUMiSCLTVizC9xu3hWTx$aoJB1BSKMgRkHe9mmQ/F+LhKXpuSHF0NcJCoeWlTTko=",
    "last_login": "2025-04-14T15:05:13.331Z",
    "is_superuser": true,
    "username": "admin",
    "first_name": "",
    "last_name": "",
    "is_staff": true,
    "is_active": true,
    "date_joined": "2025-03-19T17:39:56.826Z",
    "email": "admin@gmail.com",
    "phone_number": "",
    "birthday": null,
    "profile_picture": "profile_photo/photo_2025-02-24 23.37.57.jpeg",
    "qr_code": "",
    "groups": [],
    "user_permissions": []
  }
},
{
  "model": "users.verificationcode",
  "pk": 20,
  "fields": {
    "email": "abdullvadlet@gmail.com",
    "code": "412177",
    "created_at": "2025-04-15T12:13:47.831Z"
  }
},
{
  "model": "token_blacklist.outstandingtoken",
  "pk": 1,
  "fields": {
    "user": null,
    "jti": "6f9185c9703e4588bb20951d0b421da9",
    "token": "eyJhbGciOiJIUzI1NiIsInR5cCI6IkpXVCJ9.eyJ0b2tlbl90eXBlIjoicmVmcmVzaCIsImV4cCI6NDg5NjAxNTA4MSwiaWF0IjoxNzQyNDE1MDgxLCJqdGkiOiI2ZjkxODVjOTcwM2U0NTg4YmIyMDk1MWQwYjQyMWRhOSIsInVzZXJfaWQiOiIyNjIzMDcyZi01MjA2LTQ0ODgtOTU4Mi0yMjMyYTIwNjVlZTMifQ.-cwEl64pfQWsF1lJEMBF1hlgWHi8wi-IV6J2mS9lhjU",
    "created_at": "2025-03-19T20:11:21.574Z",
    "expires_at": "2125-02-23T20:11:21Z"
  }
},
{
  "model": "token_blacklist.outstandingtoken",
  "pk": 2,
  "fields": {
    "user": null,
    "jti": "c24a08cc629e49ebb9335f87fbb1323b",
    "token": "eyJhbGciOiJIUzI1NiIsInR5cCI6IkpXVCJ9.eyJ0b2tlbl90eXBlIjoicmVmcmVzaCIsImV4cCI6NDg5NjAxNTYyMSwiaWF0IjoxNzQyNDE1NjIxLCJqdGkiOiJjMjRhMDhjYzYyOWU0OWViYjkzMzVmODdmYmIxMzIzYiIsInVzZXJfaWQiOiJhYWEzOTM2OC0wZjAwLTQyYWItYjRkMi01OTkxOGJjMjY5OGMifQ.dELGPlTar4qVV3vOlcnZiXpEbSbdq4cdWHSa24-KcvI",
    "created_at": "2025-03-19T20:20:21.470Z",
    "expires_at": "2125-02-23T20:20:21Z"
  }
},
{
  "model": "token_blacklist.outstandingtoken",
  "pk": 3,
  "fields": {
    "user": null,
    "jti": "d1b5ea8ae3df4acd95a67abf57f75a2b",
    "token": "eyJhbGciOiJIUzI1NiIsInR5cCI6IkpXVCJ9.eyJ0b2tlbl90eXBlIjoicmVmcmVzaCIsImV4cCI6NDg5NjAxNjI1OCwiaWF0IjoxNzQyNDE2MjU4LCJqdGkiOiJkMWI1ZWE4YWUzZGY0YWNkOTVhNjdhYmY1N2Y3NWEyYiIsInVzZXJfaWQiOiI5ZDBiNDY4OC05NGJmLTQ2ZGQtYTE3Mi04OGJlZTg5YjU2YmYifQ.hdBzaeP1ijNay6wLWofef4DstFMWHvjtmmKiV4SCI-0",
    "created_at": "2025-03-19T20:30:58.714Z",
    "expires_at": "2125-02-23T20:30:58Z"
  }
},
{
  "model": "token_blacklist.outstandingtoken",
  "pk": 4,
  "fields": {
    "user": null,
    "jti": "c1d6bb7663ff409fb0bf0e08760e1b4f",
    "token": "eyJhbGciOiJIUzI1NiIsInR5cCI6IkpXVCJ9.eyJ0b2tlbl90eXBlIjoicmVmcmVzaCIsImV4cCI6NDg5NjMxMjkzMywiaWF0IjoxNzQyNzEyOTMzLCJqdGkiOiJjMWQ2YmI3NjYzZmY0MDlmYjBiZjBlMDg3NjBlMWI0ZiIsInVzZXJfaWQiOiI5ZDBiNDY4OC05NGJmLTQ2ZGQtYTE3Mi04OGJlZTg5YjU2YmYifQ.aS0MU7967ote3QQXjpgsAhwZmOQs8vShxJo_Y-R_Ggw",
    "created_at": "2025-03-23T06:55:33.624Z",
    "expires_at": "2125-02-27T06:55:33Z"
  }
},
{
  "model": "token_blacklist.outstandingtoken",
  "pk": 5,
  "fields": {
    "user": null,
    "jti": "3e6101196cb546bdade5d4bd1339a133",
    "token": "eyJhbGciOiJIUzI1NiIsInR5cCI6IkpXVCJ9.eyJ0b2tlbl90eXBlIjoicmVmcmVzaCIsImV4cCI6NDg5NzI1NjQ0MCwiaWF0IjoxNzQzNjU2NDQwLCJqdGkiOiIzZTYxMDExOTZjYjU0NmJkYWRlNWQ0YmQxMzM5YTEzMyIsInVzZXJfaWQiOiJmYTA2ZWE1NC0zZmYyLTQ3MmQtOWJjNS03ZTU0ZjU4MjIwODYifQ.pA1QPyJ2kFbmxzjS70sJInfT4DxQbZo74ewLkFwLL_Q",
    "created_at": "2025-04-03T05:00:40.678Z",
    "expires_at": "2125-03-10T05:00:40Z"
  }
},
{
  "model": "token_blacklist.outstandingtoken",
  "pk": 6,
  "fields": {
    "user": "909e77ed-f88a-4bd8-8191-736619469274",
    "jti": "0783f9d6eb204076a1a27b5d933ccd99",
    "token": "eyJhbGciOiJIUzI1NiIsInR5cCI6IkpXVCJ9.eyJ0b2tlbl90eXBlIjoicmVmcmVzaCIsImV4cCI6NDg5ODMxOTUyNywiaWF0IjoxNzQ0NzE5NTI3LCJqdGkiOiIwNzgzZjlkNmViMjA0MDc2YTFhMjdiNWQ5MzNjY2Q5OSIsInVzZXJfaWQiOiI5MDllNzdlZC1mODhhLTRiZDgtODE5MS03MzY2MTk0NjkyNzQifQ.gEwBj4dxeRFXYy2RPs781K0pZOjC9x2i9RlTNxZ9KUw",
    "created_at": "2025-04-15T12:18:47.927Z",
    "expires_at": "2125-03-22T12:18:47Z"
  }
},
{
  "model": "token_blacklist.outstandingtoken",
  "pk": 7,
  "fields": {
    "user": "909e77ed-f88a-4bd8-8191-736619469274",
    "jti": "e9c02637b3c84505904e1bf691d9598e",
    "token": "eyJhbGciOiJIUzI1NiIsInR5cCI6IkpXVCJ9.eyJ0b2tlbl90eXBlIjoicmVmcmVzaCIsImV4cCI6NDg5ODMzOTEwNSwiaWF0IjoxNzQ0NzM5MTA1LCJqdGkiOiJlOWMwMjYzN2IzYzg0NTA1OTA0ZTFiZjY5MWQ5NTk4ZSIsInVzZXJfaWQiOiI5MDllNzdlZC1mODhhLTRiZDgtODE5MS03MzY2MTk0NjkyNzQifQ.7pWZWVzb4UTSoPfPwzuPUvntq21z_itwyELG7OaHu7o",
    "created_at": "2025-04-15T17:45:05.900Z",
    "expires_at": "2125-03-22T17:45:05Z"
  }
},
{
  "model": "token_blacklist.outstandingtoken",
  "pk": 8,
  "fields": {
    "user": "909e77ed-f88a-4bd8-8191-736619469274",
    "jti": "351454029796418e912a4a8e717e0828",
    "token": "eyJhbGciOiJIUzI1NiIsInR5cCI6IkpXVCJ9.eyJ0b2tlbl90eXBlIjoicmVmcmVzaCIsImV4cCI6NDg5ODQyNTkxMywiaWF0IjoxNzQ0ODI1OTEzLCJqdGkiOiIzNTE0NTQwMjk3OTY0MThlOTEyYTRhOGU3MTdlMDgyOCIsInVzZXJfaWQiOiI5MDllNzdlZC1mODhhLTRiZDgtODE5MS03MzY2MTk0NjkyNzQifQ.7MbI2rka6aQ1wjAZobsDXQTiKm4Okaz5LZi-VQ9M6QM",
    "created_at": "2025-04-16T17:51:53.059Z",
    "expires_at": "2125-03-23T17:51:53Z"
  }
},
{
  "model": "sites.site",
  "pk": 1,
  "fields": {
    "domain": "example.com",
    "name": "example.com"
  }
},
{
  "model": "sites.site",
  "pk": 2,
  "fields": {
    "domain": "localhost:8000",
    "name": "localhost"
  }
}
]
