[
{
  "model": "admin.logentry",
  "pk": 1,
  "fields": {
    "action_time": "2025-03-19T18:05:11.616Z",
    "user": "b50f2d57-5645-4b4c-88f6-afa91a2f23f5",
    "content_type": 11,
    "object_id": "5d44599c-99ad-4275-9b50-cecf9df57138",
    "object_repr": "Личные вещи",
    "action_flag": 1,
    "change_message": "[{\"added\": {}}]"
  }
},
{
  "model": "admin.logentry",
  "pk": 2,
  "fields": {
    "action_time": "2025-03-19T18:05:21.789Z",
    "user": "b50f2d57-5645-4b4c-88f6-afa91a2f23f5",
    "content_type": 11,
    "object_id": "ef8d9cf6-28da-4460-89f8-89d9ee5d24c8",
    "object_repr": "Электроника",
    "action_flag": 1,
    "change_message": "[{\"added\": {}}]"
  }
},
{
  "model": "admin.logentry",
  "pk": 3,
  "fields": {
    "action_time": "2025-03-19T18:05:30.127Z",
    "user": "b50f2d57-5645-4b4c-88f6-afa91a2f23f5",
    "content_type": 11,
    "object_id": "5c886012-5ca8-4596-a94d-b223796f618b",
    "object_repr": "Документы",
    "action_flag": 1,
    "change_message": "[{\"added\": {}}]"
  }
},
{
  "model": "admin.logentry",
  "pk": 4,
  "fields": {
    "action_time": "2025-03-19T18:05:38.698Z",
    "user": "b50f2d57-5645-4b4c-88f6-afa91a2f23f5",
    "content_type": 11,
    "object_id": "8c43adf8-b4b4-4e35-9762-669837b32ea1",
    "object_repr": "Транспорт",
    "action_flag": 1,
    "change_message": "[{\"added\": {}}]"
  }
},
{
  "model": "admin.logentry",
  "pk": 5,
  "fields": {
    "action_time": "2025-03-19T18:05:46.158Z",
    "user": "b50f2d57-5645-4b4c-88f6-afa91a2f23f5",
    "content_type": 11,
    "object_id": "824daf16-ccaf-4dbb-b806-2edf4984bd38",
    "object_repr": "Канцелярия и учеба",
    "action_flag": 1,
    "change_message": "[{\"added\": {}}]"
  }
},
{
  "model": "admin.logentry",
  "pk": 6,
  "fields": {
    "action_time": "2025-03-19T18:05:57.261Z",
    "user": "b50f2d57-5645-4b4c-88f6-afa91a2f23f5",
    "content_type": 11,
    "object_id": "637b8e52-aed3-468d-9b81-4843dbde6b9a",
    "object_repr": "Развлечения и хобби",
    "action_flag": 1,
    "change_message": "[{\"added\": {}}]"
  }
},
{
  "model": "admin.logentry",
  "pk": 7,
  "fields": {
    "action_time": "2025-03-19T18:06:07.722Z",
    "user": "b50f2d57-5645-4b4c-88f6-afa91a2f23f5",
    "content_type": 11,
    "object_id": "21907229-450e-4f68-8869-8f34bfa7cbce",
    "object_repr": "Дом и быт",
    "action_flag": 1,
    "change_message": "[{\"added\": {}}]"
  }
},
{
  "model": "admin.logentry",
  "pk": 8,
  "fields": {
    "action_time": "2025-03-19T18:06:52.426Z",
    "user": "b50f2d57-5645-4b4c-88f6-afa91a2f23f5",
    "content_type": 13,
    "object_id": "6082099f-cdbc-4383-92a8-4b8520b8ff49",
    "object_repr": "Личные вещи -> Аксессуары",
    "action_flag": 1,
    "change_message": "[{\"added\": {}}]"
  }
},
{
  "model": "admin.logentry",
  "pk": 9,
  "fields": {
    "action_time": "2025-03-19T18:07:00.644Z",
    "user": "b50f2d57-5645-4b4c-88f6-afa91a2f23f5",
    "content_type": 13,
    "object_id": "5fb8796b-3176-4b06-9e61-31eeb2e9c42b",
    "object_repr": "Личные вещи -> Одежда",
    "action_flag": 1,
    "change_message": "[{\"added\": {}}]"
  }
},
{
  "model": "admin.logentry",
  "pk": 10,
  "fields": {
    "action_time": "2025-03-19T18:07:09.831Z",
    "user": "b50f2d57-5645-4b4c-88f6-afa91a2f23f5",
    "content_type": 13,
    "object_id": "42b2956d-318b-4aa1-8ff5-44fc54c98caa",
    "object_repr": "Электроника -> Мобильные устройства",
    "action_flag": 1,
    "change_message": "[{\"added\": {}}]"
  }
},
{
  "model": "admin.logentry",
  "pk": 11,
  "fields": {
    "action_time": "2025-03-19T18:07:19.142Z",
    "user": "b50f2d57-5645-4b4c-88f6-afa91a2f23f5",
    "content_type": 13,
    "object_id": "da63d846-caff-49d8-8366-3b2382a8e653",
    "object_repr": "Электроника -> Компьютеры и аксессуары",
    "action_flag": 1,
    "change_message": "[{\"added\": {}}]"
  }
},
{
  "model": "admin.logentry",
  "pk": 12,
  "fields": {
    "action_time": "2025-03-19T18:07:28.180Z",
    "user": "b50f2d57-5645-4b4c-88f6-afa91a2f23f5",
    "content_type": 13,
    "object_id": "6d4516cf-c512-4679-8159-0567386977e7",
    "object_repr": "Электроника -> Аудио и видео",
    "action_flag": 1,
    "change_message": "[{\"added\": {}}]"
  }
},
{
  "model": "admin.logentry",
  "pk": 13,
  "fields": {
    "action_time": "2025-03-19T18:07:38.674Z",
    "user": "b50f2d57-5645-4b4c-88f6-afa91a2f23f5",
    "content_type": 13,
    "object_id": "af7efa10-1693-4dc0-ac5d-3e296f71adda",
    "object_repr": "Электроника -> Умные устройства",
    "action_flag": 1,
    "change_message": "[{\"added\": {}}]"
  }
},
{
  "model": "admin.logentry",
  "pk": 14,
  "fields": {
    "action_time": "2025-03-19T18:07:48.183Z",
    "user": "b50f2d57-5645-4b4c-88f6-afa91a2f23f5",
    "content_type": 13,
    "object_id": "5c5b8343-2fc0-464a-9304-007307cef0fd",
    "object_repr": "Документы -> Удостоверения личности",
    "action_flag": 1,
    "change_message": "[{\"added\": {}}]"
  }
},
{
  "model": "admin.logentry",
  "pk": 15,
  "fields": {
    "action_time": "2025-03-19T18:08:07.664Z",
    "user": "b50f2d57-5645-4b4c-88f6-afa91a2f23f5",
    "content_type": 13,
    "object_id": "5224f364-635c-4084-99c9-bd710ef92a28",
    "object_repr": "Документы -> Водительские документы",
    "action_flag": 1,
    "change_message": "[{\"added\": {}}]"
  }
},
{
  "model": "admin.logentry",
  "pk": 16,
  "fields": {
    "action_time": "2025-03-19T18:08:15.348Z",
    "user": "b50f2d57-5645-4b4c-88f6-afa91a2f23f5",
    "content_type": 13,
    "object_id": "c410b017-d476-4413-8899-6c22b7385091",
    "object_repr": "Документы -> Финансовые документы",
    "action_flag": 1,
    "change_message": "[{\"added\": {}}]"
  }
},
{
  "model": "admin.logentry",
  "pk": 17,
  "fields": {
    "action_time": "2025-03-19T18:08:25.895Z",
    "user": "b50f2d57-5645-4b4c-88f6-afa91a2f23f5",
    "content_type": 13,
    "object_id": "9b30ece9-c588-4005-81c6-8beb705975f4",
    "object_repr": "Документы -> Образовательные документы",
    "action_flag": 1,
    "change_message": "[{\"added\": {}}]"
  }
},
{
  "model": "admin.logentry",
  "pk": 18,
  "fields": {
    "action_time": "2025-03-19T18:08:33.956Z",
    "user": "b50f2d57-5645-4b4c-88f6-afa91a2f23f5",
    "content_type": 13,
    "object_id": "01280f2e-f573-4987-9bc1-679c6343b8f4",
    "object_repr": "Транспорт -> Ключи и доступ",
    "action_flag": 1,
    "change_message": "[{\"added\": {}}]"
  }
},
{
  "model": "admin.logentry",
  "pk": 19,
  "fields": {
    "action_time": "2025-03-19T18:08:42.794Z",
    "user": "b50f2d57-5645-4b4c-88f6-afa91a2f23f5",
    "content_type": 13,
    "object_id": "3dc25a1d-ba3f-4be8-8f52-f90bbfdeffa0",
    "object_repr": "Транспорт -> Транспортные документы",
    "action_flag": 1,
    "change_message": "[{\"added\": {}}]"
  }
},
{
  "model": "admin.logentry",
  "pk": 20,
  "fields": {
    "action_time": "2025-03-19T18:08:52.945Z",
    "user": "b50f2d57-5645-4b4c-88f6-afa91a2f23f5",
    "content_type": 13,
    "object_id": "376d683e-1e6b-43c2-82bb-a5e2d4900939",
    "object_repr": "Канцелярия и учеба -> Учебные принадлежности",
    "action_flag": 1,
    "change_message": "[{\"added\": {}}]"
  }
},
{
  "model": "admin.logentry",
  "pk": 21,
  "fields": {
    "action_time": "2025-03-19T18:09:06.040Z",
    "user": "b50f2d57-5645-4b4c-88f6-afa91a2f23f5",
    "content_type": 13,
    "object_id": "da5d1048-02d7-4f3d-904d-cca2515ccafe",
    "object_repr": "Развлечения и хобби -> Игры и досуг",
    "action_flag": 1,
    "change_message": "[{\"added\": {}}]"
  }
},
{
  "model": "admin.logentry",
  "pk": 22,
  "fields": {
    "action_time": "2025-03-19T18:09:13.586Z",
    "user": "b50f2d57-5645-4b4c-88f6-afa91a2f23f5",
    "content_type": 13,
    "object_id": "20130f88-76b8-4293-996d-bbd661f386e7",
    "object_repr": "Развлечения и хобби -> Спортивные аксессуары",
    "action_flag": 1,
    "change_message": "[{\"added\": {}}]"
  }
},
{
  "model": "admin.logentry",
  "pk": 23,
  "fields": {
    "action_time": "2025-03-19T18:09:22.384Z",
    "user": "b50f2d57-5645-4b4c-88f6-afa91a2f23f5",
    "content_type": 13,
    "object_id": "86c45345-dd15-46d1-beb9-9b1fe7fbc2aa",
    "object_repr": "Развлечения и хобби -> Гаджеты и подписки",
    "action_flag": 1,
    "change_message": "[{\"added\": {}}]"
  }
},
{
  "model": "admin.logentry",
  "pk": 24,
  "fields": {
    "action_time": "2025-03-19T18:09:32.860Z",
    "user": "b50f2d57-5645-4b4c-88f6-afa91a2f23f5",
    "content_type": 13,
    "object_id": "7869713d-27e1-4812-9107-ec7c0bcbfd3c",
    "object_repr": "Дом и быт -> Ключи и доступ",
    "action_flag": 1,
    "change_message": "[{\"added\": {}}]"
  }
},
{
  "model": "admin.logentry",
  "pk": 25,
  "fields": {
    "action_time": "2025-03-19T18:09:41.039Z",
    "user": "b50f2d57-5645-4b4c-88f6-afa91a2f23f5",
    "content_type": 13,
    "object_id": "0d4baaf2-9fed-4a5c-8753-8bdbeaafb43b",
    "object_repr": "Дом и быт -> Косметика и уход",
    "action_flag": 1,
    "change_message": "[{\"added\": {}}]"
  }
},
{
  "model": "admin.logentry",
  "pk": 26,
  "fields": {
    "action_time": "2025-03-19T18:10:38.636Z",
    "user": "b50f2d57-5645-4b4c-88f6-afa91a2f23f5",
    "content_type": 14,
    "object_id": "7bd45f12-1c65-496f-ab49-c14b1fbbf457",
    "object_repr": "Личные вещи -> Аксессуары -> Очки",
    "action_flag": 1,
    "change_message": "[{\"added\": {}}]"
  }
},
{
  "model": "admin.logentry",
  "pk": 27,
  "fields": {
    "action_time": "2025-03-19T18:10:47.071Z",
    "user": "b50f2d57-5645-4b4c-88f6-afa91a2f23f5",
    "content_type": 14,
    "object_id": "139ecdca-c9db-446b-ab4c-aa7f01775806",
    "object_repr": "Личные вещи -> Аксессуары -> Часы",
    "action_flag": 1,
    "change_message": "[{\"added\": {}}]"
  }
},
{
  "model": "admin.logentry",
  "pk": 28,
  "fields": {
    "action_time": "2025-03-19T18:10:55.453Z",
    "user": "b50f2d57-5645-4b4c-88f6-afa91a2f23f5",
    "content_type": 14,
    "object_id": "1a7db2ce-7ac4-416a-a8ca-d7a8a43960cb",
    "object_repr": "Личные вещи -> Аксессуары -> Украшения",
    "action_flag": 1,
    "change_message": "[{\"added\": {}}]"
  }
},
{
  "model": "admin.logentry",
  "pk": 29,
  "fields": {
    "action_time": "2025-03-19T18:11:03.974Z",
    "user": "b50f2d57-5645-4b4c-88f6-afa91a2f23f5",
    "content_type": 14,
    "object_id": "6287b446-566f-4a75-a0d6-8eb9dfea2214",
    "object_repr": "Личные вещи -> Аксессуары -> Сумки и рюкзаки",
    "action_flag": 1,
    "change_message": "[{\"added\": {}}]"
  }
},
{
  "model": "admin.logentry",
  "pk": 30,
  "fields": {
    "action_time": "2025-03-19T18:11:11.945Z",
    "user": "b50f2d57-5645-4b4c-88f6-afa91a2f23f5",
    "content_type": 14,
    "object_id": "fab00da4-4654-4e7b-ad67-4235101fb7dc",
    "object_repr": "Личные вещи -> Аксессуары -> Кошельки и кардхолдеры",
    "action_flag": 1,
    "change_message": "[{\"added\": {}}]"
  }
},
{
  "model": "admin.logentry",
  "pk": 31,
  "fields": {
    "action_time": "2025-03-19T18:11:19.979Z",
    "user": "b50f2d57-5645-4b4c-88f6-afa91a2f23f5",
    "content_type": 14,
    "object_id": "8eb2b90c-22fa-41d7-9568-088fa3b1699e",
    "object_repr": "Личные вещи -> Аксессуары -> Головные уборы",
    "action_flag": 1,
    "change_message": "[{\"added\": {}}]"
  }
},
{
  "model": "admin.logentry",
  "pk": 32,
  "fields": {
    "action_time": "2025-03-19T18:11:28.780Z",
    "user": "b50f2d57-5645-4b4c-88f6-afa91a2f23f5",
    "content_type": 14,
    "object_id": "1d9c7494-9e13-480e-949e-63360a03b3ce",
    "object_repr": "Личные вещи -> Аксессуары -> Перчатки и шарфы",
    "action_flag": 1,
    "change_message": "[{\"added\": {}}]"
  }
},
{
  "model": "admin.logentry",
  "pk": 33,
  "fields": {
    "action_time": "2025-03-19T18:11:36.420Z",
    "user": "b50f2d57-5645-4b4c-88f6-afa91a2f23f5",
    "content_type": 14,
    "object_id": "986873ce-da24-421b-8d8b-f3c90f8061a0",
    "object_repr": "Личные вещи -> Аксессуары -> Ремни",
    "action_flag": 1,
    "change_message": "[{\"added\": {}}]"
  }
},
{
  "model": "admin.logentry",
  "pk": 34,
  "fields": {
    "action_time": "2025-03-19T18:11:44.601Z",
    "user": "b50f2d57-5645-4b4c-88f6-afa91a2f23f5",
    "content_type": 14,
    "object_id": "8ae8c53d-c453-4603-adf4-e40f540dc5bc",
    "object_repr": "Личные вещи -> Одежда -> Верхняя одежда",
    "action_flag": 1,
    "change_message": "[{\"added\": {}}]"
  }
},
{
  "model": "admin.logentry",
  "pk": 35,
  "fields": {
    "action_time": "2025-03-19T18:12:25.127Z",
    "user": "b50f2d57-5645-4b4c-88f6-afa91a2f23f5",
    "content_type": 14,
    "object_id": "64e160e2-6add-4f58-bdea-a9eeab3567aa",
    "object_repr": "Личные вещи -> Одежда -> Обувь",
    "action_flag": 1,
    "change_message": "[{\"added\": {}}]"
  }
},
{
  "model": "admin.logentry",
  "pk": 36,
  "fields": {
    "action_time": "2025-03-19T18:12:34.281Z",
    "user": "b50f2d57-5645-4b4c-88f6-afa91a2f23f5",
    "content_type": 14,
    "object_id": "b825cc38-992d-4037-9564-db717f06fc39",
    "object_repr": "Личные вещи -> Одежда -> Другая одежда",
    "action_flag": 1,
    "change_message": "[{\"added\": {}}]"
  }
},
{
  "model": "admin.logentry",
  "pk": 37,
  "fields": {
    "action_time": "2025-03-19T18:12:46.106Z",
    "user": "b50f2d57-5645-4b4c-88f6-afa91a2f23f5",
    "content_type": 14,
    "object_id": "0ce2eb74-01d7-42ff-b02a-eacea808c815",
    "object_repr": "Электроника -> Мобильные устройства -> Смартфоны",
    "action_flag": 1,
    "change_message": "[{\"added\": {}}]"
  }
},
{
  "model": "admin.logentry",
  "pk": 38,
  "fields": {
    "action_time": "2025-03-19T18:12:58.620Z",
    "user": "b50f2d57-5645-4b4c-88f6-afa91a2f23f5",
    "content_type": 14,
    "object_id": "0916141f-dbbe-49df-85fa-7e57819d61d6",
    "object_repr": "Электроника -> Мобильные устройства -> Планшеты",
    "action_flag": 1,
    "change_message": "[{\"added\": {}}]"
  }
},
{
  "model": "admin.logentry",
  "pk": 39,
  "fields": {
    "action_time": "2025-03-19T18:13:10.290Z",
    "user": "b50f2d57-5645-4b4c-88f6-afa91a2f23f5",
    "content_type": 14,
    "object_id": "b20d8683-5b30-424d-9d79-3065cbaaa2a6",
    "object_repr": "Электроника -> Компьютеры и аксессуары -> Ноутбуки",
    "action_flag": 1,
    "change_message": "[{\"added\": {}}]"
  }
},
{
  "model": "admin.logentry",
  "pk": 40,
  "fields": {
    "action_time": "2025-03-19T18:13:20.085Z",
    "user": "b50f2d57-5645-4b4c-88f6-afa91a2f23f5",
    "content_type": 14,
    "object_id": "fd214a0e-2046-4e1d-9c53-a17a4f02d4a6",
    "object_repr": "Электроника -> Компьютеры и аксессуары -> Аксессуары",
    "action_flag": 1,
    "change_message": "[{\"added\": {}}]"
  }
},
{
  "model": "admin.logentry",
  "pk": 41,
  "fields": {
    "action_time": "2025-03-19T18:13:28.872Z",
    "user": "b50f2d57-5645-4b4c-88f6-afa91a2f23f5",
    "content_type": 14,
    "object_id": "520111a7-c1e8-4241-88d4-6c6ef391813b",
    "object_repr": "Электроника -> Аудио и видео -> Наушники",
    "action_flag": 1,
    "change_message": "[{\"added\": {}}]"
  }
},
{
  "model": "admin.logentry",
  "pk": 42,
  "fields": {
    "action_time": "2025-03-19T18:13:37.755Z",
    "user": "b50f2d57-5645-4b4c-88f6-afa91a2f23f5",
    "content_type": 14,
    "object_id": "b30614d6-bb21-440e-8098-a80d73e5779e",
    "object_repr": "Электроника -> Аудио и видео -> Колонки",
    "action_flag": 1,
    "change_message": "[{\"added\": {}}]"
  }
},
{
  "model": "admin.logentry",
  "pk": 43,
  "fields": {
    "action_time": "2025-03-19T18:13:51.233Z",
    "user": "b50f2d57-5645-4b4c-88f6-afa91a2f23f5",
    "content_type": 14,
    "object_id": "e78c6dd9-5858-4325-9126-37abcf108ce7",
    "object_repr": "Электроника -> Аудио и видео -> Фото и видео",
    "action_flag": 1,
    "change_message": "[{\"added\": {}}]"
  }
},
{
  "model": "admin.logentry",
  "pk": 44,
  "fields": {
    "action_time": "2025-03-19T18:14:04.790Z",
    "user": "b50f2d57-5645-4b4c-88f6-afa91a2f23f5",
    "content_type": 14,
    "object_id": "72d336d0-922a-469e-a6de-dd8710dfe90f",
    "object_repr": "Электроника -> Умные устройства -> Фитнес-гаджеты",
    "action_flag": 1,
    "change_message": "[{\"added\": {}}]"
  }
},
{
  "model": "admin.logentry",
  "pk": 45,
  "fields": {
    "action_time": "2025-03-19T18:14:15.176Z",
    "user": "b50f2d57-5645-4b4c-88f6-afa91a2f23f5",
    "content_type": 14,
    "object_id": "b22c3da0-e4a5-498f-8776-fe9488a724fa",
    "object_repr": "Электроника -> Умные устройства -> GPS-трекеры",
    "action_flag": 1,
    "change_message": "[{\"added\": {}}]"
  }
},
{
  "model": "admin.logentry",
  "pk": 46,
  "fields": {
    "action_time": "2025-03-19T18:14:53.248Z",
    "user": "b50f2d57-5645-4b4c-88f6-afa91a2f23f5",
    "content_type": 14,
    "object_id": "79ff0bfa-18dc-4603-8abc-7b469873728c",
    "object_repr": "Документы -> Удостоверения личности -> Паспорт",
    "action_flag": 1,
    "change_message": "[{\"added\": {}}]"
  }
},
{
  "model": "admin.logentry",
  "pk": 47,
  "fields": {
    "action_time": "2025-03-19T18:15:11.104Z",
    "user": "b50f2d57-5645-4b4c-88f6-afa91a2f23f5",
    "content_type": 14,
    "object_id": "7f48f0cf-7617-43af-8014-2795811688a3",
    "object_repr": "Документы -> Водительские документы -> Водительские права",
    "action_flag": 1,
    "change_message": "[{\"added\": {}}]"
  }
},
{
  "model": "admin.logentry",
  "pk": 48,
  "fields": {
    "action_time": "2025-03-19T18:15:22.948Z",
    "user": "b50f2d57-5645-4b4c-88f6-afa91a2f23f5",
    "content_type": 14,
    "object_id": "64da8f4d-e377-4b59-a3a5-843e5e7ee24f",
    "object_repr": "Документы -> Финансовые документы -> Банковские карты",
    "action_flag": 1,
    "change_message": "[{\"added\": {}}]"
  }
},
{
  "model": "admin.logentry",
  "pk": 49,
  "fields": {
    "action_time": "2025-03-19T18:15:33.777Z",
    "user": "b50f2d57-5645-4b4c-88f6-afa91a2f23f5",
    "content_type": 14,
    "object_id": "8d8994f1-8340-432b-99be-8e7c9bf642ee",
    "object_repr": "Документы -> Финансовые документы -> Страховые документы",
    "action_flag": 1,
    "change_message": "[{\"added\": {}}]"
  }
},
{
  "model": "admin.logentry",
  "pk": 50,
  "fields": {
    "action_time": "2025-03-19T18:15:49.611Z",
    "user": "b50f2d57-5645-4b4c-88f6-afa91a2f23f5",
    "content_type": 14,
    "object_id": "9a01c99d-9fff-486d-bd31-219502f441cd",
    "object_repr": "Документы -> Образовательные документы -> Студенческие документы",
    "action_flag": 1,
    "change_message": "[{\"added\": {}}]"
  }
},
{
  "model": "admin.logentry",
  "pk": 51,
  "fields": {
    "action_time": "2025-03-19T18:16:01.060Z",
    "user": "b50f2d57-5645-4b4c-88f6-afa91a2f23f5",
    "content_type": 14,
    "object_id": "ea87704b-eb68-48e2-8a7d-847a4f31658d",
    "object_repr": "Транспорт -> Ключи и доступ -> Автомобильные ключи",
    "action_flag": 1,
    "change_message": "[{\"added\": {}}]"
  }
},
{
  "model": "admin.logentry",
  "pk": 52,
  "fields": {
    "action_time": "2025-03-19T18:16:19.099Z",
    "user": "b50f2d57-5645-4b4c-88f6-afa91a2f23f5",
    "content_type": 14,
    "object_id": "fb921c48-7a88-41f4-9dfd-120d6573eb07",
    "object_repr": "Транспорт -> Ключи и доступ -> Замки и аксессуары",
    "action_flag": 1,
    "change_message": "[{\"added\": {}}]"
  }
},
{
  "model": "admin.logentry",
  "pk": 53,
  "fields": {
    "action_time": "2025-03-19T18:16:30.416Z",
    "user": "b50f2d57-5645-4b4c-88f6-afa91a2f23f5",
    "content_type": 14,
    "object_id": "35094dbd-4b29-4e6d-aee2-0aae916ccb23",
    "object_repr": "Транспорт -> Транспортные документы -> Регистрационные документы",
    "action_flag": 1,
    "change_message": "[{\"added\": {}}]"
  }
},
{
  "model": "admin.logentry",
  "pk": 54,
  "fields": {
    "action_time": "2025-03-19T18:16:45.167Z",
    "user": "b50f2d57-5645-4b4c-88f6-afa91a2f23f5",
    "content_type": 14,
    "object_id": "084424b0-3d04-4d43-9894-0e9af0406dde",
    "object_repr": "Транспорт -> Транспортные документы -> Проездные карты",
    "action_flag": 1,
    "change_message": "[{\"added\": {}}]"
  }
},
{
  "model": "admin.logentry",
  "pk": 55,
  "fields": {
    "action_time": "2025-03-19T18:16:59.065Z",
    "user": "b50f2d57-5645-4b4c-88f6-afa91a2f23f5",
    "content_type": 14,
    "object_id": "eb73ef71-9415-4258-bb94-e13b2bf11f19",
    "object_repr": "Канцелярия и учеба -> Учебные принадлежности -> Письменные принадлежности",
    "action_flag": 1,
    "change_message": "[{\"added\": {}}]"
  }
},
{
  "model": "admin.logentry",
  "pk": 56,
  "fields": {
    "action_time": "2025-03-19T18:17:11.744Z",
    "user": "b50f2d57-5645-4b4c-88f6-afa91a2f23f5",
    "content_type": 14,
    "object_id": "b2e07cc7-e21c-4233-becf-bb58adc12bed",
    "object_repr": "Канцелярия и учеба -> Учебные принадлежности -> Блокноты и книги",
    "action_flag": 1,
    "change_message": "[{\"added\": {}}]"
  }
},
{
  "model": "admin.logentry",
  "pk": 57,
  "fields": {
    "action_time": "2025-03-19T18:17:22.898Z",
    "user": "b50f2d57-5645-4b4c-88f6-afa91a2f23f5",
    "content_type": 14,
    "object_id": "1cab4c2b-1a83-4e29-8848-518365403150",
    "object_repr": "Развлечения и хобби -> Игры и досуг -> Настольные игры",
    "action_flag": 1,
    "change_message": "[{\"added\": {}}]"
  }
},
{
  "model": "admin.logentry",
  "pk": 58,
  "fields": {
    "action_time": "2025-03-19T18:17:35.312Z",
    "user": "b50f2d57-5645-4b4c-88f6-afa91a2f23f5",
    "content_type": 14,
    "object_id": "19cd2af8-2d1f-40e6-950d-6030ad915bcd",
    "object_repr": "Развлечения и хобби -> Спортивные аксессуары -> Фитнес-товары",
    "action_flag": 1,
    "change_message": "[{\"added\": {}}]"
  }
},
{
  "model": "admin.logentry",
  "pk": 59,
  "fields": {
    "action_time": "2025-03-19T18:17:50.741Z",
    "user": "b50f2d57-5645-4b4c-88f6-afa91a2f23f5",
    "content_type": 14,
    "object_id": "30fd1599-ebd3-449f-b1f8-610dc7f457a7",
    "object_repr": "Развлечения и хобби -> Гаджеты и подписки -> Развлекательные устройства",
    "action_flag": 1,
    "change_message": "[{\"added\": {}}]"
  }
},
{
  "model": "admin.logentry",
  "pk": 60,
  "fields": {
    "action_time": "2025-03-19T18:18:01.369Z",
    "user": "b50f2d57-5645-4b4c-88f6-afa91a2f23f5",
    "content_type": 14,
    "object_id": "60d7da9a-a8e6-4f53-a659-c7acdeef27d1",
    "object_repr": "Развлечения и хобби -> Гаджеты и подписки -> Билеты и абонементы",
    "action_flag": 1,
    "change_message": "[{\"added\": {}}]"
  }
},
{
  "model": "admin.logentry",
  "pk": 61,
  "fields": {
    "action_time": "2025-03-19T18:18:09.939Z",
    "user": "b50f2d57-5645-4b4c-88f6-afa91a2f23f5",
    "content_type": 14,
    "object_id": "2130286c-faf6-43b1-8dfe-989c065c7772",
    "object_repr": "Дом и быт -> Ключи и доступ -> Ключи",
    "action_flag": 1,
    "change_message": "[{\"added\": {}}]"
  }
},
{
  "model": "admin.logentry",
  "pk": 62,
  "fields": {
    "action_time": "2025-03-19T18:18:20.153Z",
    "user": "b50f2d57-5645-4b4c-88f6-afa91a2f23f5",
    "content_type": 14,
    "object_id": "6bd6392d-50f6-4935-aea5-de292983cd0d",
    "object_repr": "Дом и быт -> Косметика и уход -> Парфюмерия",
    "action_flag": 1,
    "change_message": "[{\"added\": {}}]"
  }
},
{
  "model": "admin.logentry",
  "pk": 63,
  "fields": {
    "action_time": "2025-03-19T18:18:27.856Z",
    "user": "b50f2d57-5645-4b4c-88f6-afa91a2f23f5",
    "content_type": 14,
    "object_id": "133e5d04-8438-44ed-8dc3-b40d5be73d36",
    "object_repr": "Дом и быт -> Косметика и уход -> Косметика",
    "action_flag": 1,
    "change_message": "[{\"added\": {}}]"
  }
},
{
  "model": "auth.permission",
  "pk": 1,
  "fields": {
    "name": "Can add permission",
    "content_type": 1,
    "codename": "add_permission"
  }
},
{
  "model": "auth.permission",
  "pk": 2,
  "fields": {
    "name": "Can change permission",
    "content_type": 1,
    "codename": "change_permission"
  }
},
{
  "model": "auth.permission",
  "pk": 3,
  "fields": {
    "name": "Can delete permission",
    "content_type": 1,
    "codename": "delete_permission"
  }
},
{
  "model": "auth.permission",
  "pk": 4,
  "fields": {
    "name": "Can view permission",
    "content_type": 1,
    "codename": "view_permission"
  }
},
{
  "model": "auth.permission",
  "pk": 5,
  "fields": {
    "name": "Can add group",
    "content_type": 2,
    "codename": "add_group"
  }
},
{
  "model": "auth.permission",
  "pk": 6,
  "fields": {
    "name": "Can change group",
    "content_type": 2,
    "codename": "change_group"
  }
},
{
  "model": "auth.permission",
  "pk": 7,
  "fields": {
    "name": "Can delete group",
    "content_type": 2,
    "codename": "delete_group"
  }
},
{
  "model": "auth.permission",
  "pk": 8,
  "fields": {
    "name": "Can view group",
    "content_type": 2,
    "codename": "view_group"
  }
},
{
  "model": "auth.permission",
  "pk": 9,
  "fields": {
    "name": "Can add content type",
    "content_type": 3,
    "codename": "add_contenttype"
  }
},
{
  "model": "auth.permission",
  "pk": 10,
  "fields": {
    "name": "Can change content type",
    "content_type": 3,
    "codename": "change_contenttype"
  }
},
{
  "model": "auth.permission",
  "pk": 11,
  "fields": {
    "name": "Can delete content type",
    "content_type": 3,
    "codename": "delete_contenttype"
  }
},
{
  "model": "auth.permission",
  "pk": 12,
  "fields": {
    "name": "Can view content type",
    "content_type": 3,
    "codename": "view_contenttype"
  }
},
{
  "model": "auth.permission",
  "pk": 13,
  "fields": {
    "name": "Can add session",
    "content_type": 4,
    "codename": "add_session"
  }
},
{
  "model": "auth.permission",
  "pk": 14,
  "fields": {
    "name": "Can change session",
    "content_type": 4,
    "codename": "change_session"
  }
},
{
  "model": "auth.permission",
  "pk": 15,
  "fields": {
    "name": "Can delete session",
    "content_type": 4,
    "codename": "delete_session"
  }
},
{
  "model": "auth.permission",
  "pk": 16,
  "fields": {
    "name": "Can view session",
    "content_type": 4,
    "codename": "view_session"
  }
},
{
  "model": "auth.permission",
  "pk": 17,
  "fields": {
    "name": "Can add email address",
    "content_type": 5,
    "codename": "add_emailaddress"
  }
},
{
  "model": "auth.permission",
  "pk": 18,
  "fields": {
    "name": "Can change email address",
    "content_type": 5,
    "codename": "change_emailaddress"
  }
},
{
  "model": "auth.permission",
  "pk": 19,
  "fields": {
    "name": "Can delete email address",
    "content_type": 5,
    "codename": "delete_emailaddress"
  }
},
{
  "model": "auth.permission",
  "pk": 20,
  "fields": {
    "name": "Can view email address",
    "content_type": 5,
    "codename": "view_emailaddress"
  }
},
{
  "model": "auth.permission",
  "pk": 21,
  "fields": {
    "name": "Can add email confirmation",
    "content_type": 6,
    "codename": "add_emailconfirmation"
  }
},
{
  "model": "auth.permission",
  "pk": 22,
  "fields": {
    "name": "Can change email confirmation",
    "content_type": 6,
    "codename": "change_emailconfirmation"
  }
},
{
  "model": "auth.permission",
  "pk": 23,
  "fields": {
    "name": "Can delete email confirmation",
    "content_type": 6,
    "codename": "delete_emailconfirmation"
  }
},
{
  "model": "auth.permission",
  "pk": 24,
  "fields": {
    "name": "Can view email confirmation",
    "content_type": 6,
    "codename": "view_emailconfirmation"
  }
},
{
  "model": "auth.permission",
  "pk": 25,
  "fields": {
    "name": "Can add social account",
    "content_type": 7,
    "codename": "add_socialaccount"
  }
},
{
  "model": "auth.permission",
  "pk": 26,
  "fields": {
    "name": "Can change social account",
    "content_type": 7,
    "codename": "change_socialaccount"
  }
},
{
  "model": "auth.permission",
  "pk": 27,
  "fields": {
    "name": "Can delete social account",
    "content_type": 7,
    "codename": "delete_socialaccount"
  }
},
{
  "model": "auth.permission",
  "pk": 28,
  "fields": {
    "name": "Can view social account",
    "content_type": 7,
    "codename": "view_socialaccount"
  }
},
{
  "model": "auth.permission",
  "pk": 29,
  "fields": {
    "name": "Can add social application",
    "content_type": 8,
    "codename": "add_socialapp"
  }
},
{
  "model": "auth.permission",
  "pk": 30,
  "fields": {
    "name": "Can change social application",
    "content_type": 8,
    "codename": "change_socialapp"
  }
},
{
  "model": "auth.permission",
  "pk": 31,
  "fields": {
    "name": "Can delete social application",
    "content_type": 8,
    "codename": "delete_socialapp"
  }
},
{
  "model": "auth.permission",
  "pk": 32,
  "fields": {
    "name": "Can view social application",
    "content_type": 8,
    "codename": "view_socialapp"
  }
},
{
  "model": "auth.permission",
  "pk": 33,
  "fields": {
    "name": "Can add social application token",
    "content_type": 9,
    "codename": "add_socialtoken"
  }
},
{
  "model": "auth.permission",
  "pk": 34,
  "fields": {
    "name": "Can change social application token",
    "content_type": 9,
    "codename": "change_socialtoken"
  }
},
{
  "model": "auth.permission",
  "pk": 35,
  "fields": {
    "name": "Can delete social application token",
    "content_type": 9,
    "codename": "delete_socialtoken"
  }
},
{
  "model": "auth.permission",
  "pk": 36,
  "fields": {
    "name": "Can view social application token",
    "content_type": 9,
    "codename": "view_socialtoken"
  }
},
{
  "model": "auth.permission",
  "pk": 37,
  "fields": {
    "name": "Can add chat message",
    "content_type": 10,
    "codename": "add_chatmessage"
  }
},
{
  "model": "auth.permission",
  "pk": 38,
  "fields": {
    "name": "Can change chat message",
    "content_type": 10,
    "codename": "change_chatmessage"
  }
},
{
  "model": "auth.permission",
  "pk": 39,
  "fields": {
    "name": "Can delete chat message",
    "content_type": 10,
    "codename": "delete_chatmessage"
  }
},
{
  "model": "auth.permission",
  "pk": 40,
  "fields": {
    "name": "Can view chat message",
    "content_type": 10,
    "codename": "view_chatmessage"
  }
},
{
  "model": "auth.permission",
  "pk": 41,
  "fields": {
    "name": "Can add category",
    "content_type": 11,
    "codename": "add_category"
  }
},
{
  "model": "auth.permission",
  "pk": 42,
  "fields": {
    "name": "Can change category",
    "content_type": 11,
    "codename": "change_category"
  }
},
{
  "model": "auth.permission",
  "pk": 43,
  "fields": {
    "name": "Can delete category",
    "content_type": 11,
    "codename": "delete_category"
  }
},
{
  "model": "auth.permission",
  "pk": 44,
  "fields": {
    "name": "Can view category",
    "content_type": 11,
    "codename": "view_category"
  }
},
{
  "model": "auth.permission",
  "pk": 45,
  "fields": {
    "name": "Can add item photo",
    "content_type": 12,
    "codename": "add_itemphoto"
  }
},
{
  "model": "auth.permission",
  "pk": 46,
  "fields": {
    "name": "Can change item photo",
    "content_type": 12,
    "codename": "change_itemphoto"
  }
},
{
  "model": "auth.permission",
  "pk": 47,
  "fields": {
    "name": "Can delete item photo",
    "content_type": 12,
    "codename": "delete_itemphoto"
  }
},
{
  "model": "auth.permission",
  "pk": 48,
  "fields": {
    "name": "Can view item photo",
    "content_type": 12,
    "codename": "view_itemphoto"
  }
},
{
  "model": "auth.permission",
  "pk": 49,
  "fields": {
    "name": "Can add subcategory",
    "content_type": 13,
    "codename": "add_subcategory"
  }
},
{
  "model": "auth.permission",
  "pk": 50,
  "fields": {
    "name": "Can change subcategory",
    "content_type": 13,
    "codename": "change_subcategory"
  }
},
{
  "model": "auth.permission",
  "pk": 51,
  "fields": {
    "name": "Can delete subcategory",
    "content_type": 13,
    "codename": "delete_subcategory"
  }
},
{
  "model": "auth.permission",
  "pk": 52,
  "fields": {
    "name": "Can view subcategory",
    "content_type": 13,
    "codename": "view_subcategory"
  }
},
{
  "model": "auth.permission",
  "pk": 53,
  "fields": {
    "name": "Can add subsubcategory",
    "content_type": 14,
    "codename": "add_subsubcategory"
  }
},
{
  "model": "auth.permission",
  "pk": 54,
  "fields": {
    "name": "Can change subsubcategory",
    "content_type": 14,
    "codename": "change_subsubcategory"
  }
},
{
  "model": "auth.permission",
  "pk": 55,
  "fields": {
    "name": "Can delete subsubcategory",
    "content_type": 14,
    "codename": "delete_subsubcategory"
  }
},
{
  "model": "auth.permission",
  "pk": 56,
  "fields": {
    "name": "Can view subsubcategory",
    "content_type": 14,
    "codename": "view_subsubcategory"
  }
},
{
  "model": "auth.permission",
  "pk": 57,
  "fields": {
    "name": "Can add item",
    "content_type": 15,
    "codename": "add_item"
  }
},
{
  "model": "auth.permission",
  "pk": 58,
  "fields": {
    "name": "Can change item",
    "content_type": 15,
    "codename": "change_item"
  }
},
{
  "model": "auth.permission",
  "pk": 59,
  "fields": {
    "name": "Can delete item",
    "content_type": 15,
    "codename": "delete_item"
  }
},
{
  "model": "auth.permission",
  "pk": 60,
  "fields": {
    "name": "Can view item",
    "content_type": 15,
    "codename": "view_item"
  }
},
{
  "model": "auth.permission",
  "pk": 61,
  "fields": {
    "name": "Can add user",
    "content_type": 16,
    "codename": "add_user"
  }
},
{
  "model": "auth.permission",
  "pk": 62,
  "fields": {
    "name": "Can change user",
    "content_type": 16,
    "codename": "change_user"
  }
},
{
  "model": "auth.permission",
  "pk": 63,
  "fields": {
    "name": "Can delete user",
    "content_type": 16,
    "codename": "delete_user"
  }
},
{
  "model": "auth.permission",
  "pk": 64,
  "fields": {
    "name": "Can view user",
    "content_type": 16,
    "codename": "view_user"
  }
},
{
  "model": "auth.permission",
  "pk": 65,
  "fields": {
    "name": "Can add verification code",
    "content_type": 17,
    "codename": "add_verificationcode"
  }
},
{
  "model": "auth.permission",
  "pk": 66,
  "fields": {
    "name": "Can change verification code",
    "content_type": 17,
    "codename": "change_verificationcode"
  }
},
{
  "model": "auth.permission",
  "pk": 67,
  "fields": {
    "name": "Can delete verification code",
    "content_type": 17,
    "codename": "delete_verificationcode"
  }
},
{
  "model": "auth.permission",
  "pk": 68,
  "fields": {
    "name": "Can view verification code",
    "content_type": 17,
    "codename": "view_verificationcode"
  }
},
{
  "model": "auth.permission",
  "pk": 69,
  "fields": {
    "name": "Can add blacklisted token",
    "content_type": 18,
    "codename": "add_blacklistedtoken"
  }
},
{
  "model": "auth.permission",
  "pk": 70,
  "fields": {
    "name": "Can change blacklisted token",
    "content_type": 18,
    "codename": "change_blacklistedtoken"
  }
},
{
  "model": "auth.permission",
  "pk": 71,
  "fields": {
    "name": "Can delete blacklisted token",
    "content_type": 18,
    "codename": "delete_blacklistedtoken"
  }
},
{
  "model": "auth.permission",
  "pk": 72,
  "fields": {
    "name": "Can view blacklisted token",
    "content_type": 18,
    "codename": "view_blacklistedtoken"
  }
},
{
  "model": "auth.permission",
  "pk": 73,
  "fields": {
    "name": "Can add outstanding token",
    "content_type": 19,
    "codename": "add_outstandingtoken"
  }
},
{
  "model": "auth.permission",
  "pk": 74,
  "fields": {
    "name": "Can change outstanding token",
    "content_type": 19,
    "codename": "change_outstandingtoken"
  }
},
{
  "model": "auth.permission",
  "pk": 75,
  "fields": {
    "name": "Can delete outstanding token",
    "content_type": 19,
    "codename": "delete_outstandingtoken"
  }
},
{
  "model": "auth.permission",
  "pk": 76,
  "fields": {
    "name": "Can view outstanding token",
    "content_type": 19,
    "codename": "view_outstandingtoken"
  }
},
{
  "model": "auth.permission",
  "pk": 77,
  "fields": {
    "name": "Can add site",
    "content_type": 20,
    "codename": "add_site"
  }
},
{
  "model": "auth.permission",
  "pk": 78,
  "fields": {
    "name": "Can change site",
    "content_type": 20,
    "codename": "change_site"
  }
},
{
  "model": "auth.permission",
  "pk": 79,
  "fields": {
    "name": "Can delete site",
    "content_type": 20,
    "codename": "delete_site"
  }
},
{
  "model": "auth.permission",
  "pk": 80,
  "fields": {
    "name": "Can view site",
    "content_type": 20,
    "codename": "view_site"
  }
},
{
  "model": "auth.permission",
  "pk": 81,
  "fields": {
    "name": "Can add log entry",
    "content_type": 21,
    "codename": "add_logentry"
  }
},
{
  "model": "auth.permission",
  "pk": 82,
  "fields": {
    "name": "Can change log entry",
    "content_type": 21,
    "codename": "change_logentry"
  }
},
{
  "model": "auth.permission",
  "pk": 83,
  "fields": {
    "name": "Can delete log entry",
    "content_type": 21,
    "codename": "delete_logentry"
  }
},
{
  "model": "auth.permission",
  "pk": 84,
  "fields": {
    "name": "Can view log entry",
    "content_type": 21,
    "codename": "view_logentry"
  }
},
{
  "model": "contenttypes.contenttype",
  "pk": 1,
  "fields": {
    "app_label": "auth",
    "model": "permission"
  }
},
{
  "model": "contenttypes.contenttype",
  "pk": 2,
  "fields": {
    "app_label": "auth",
    "model": "group"
  }
},
{
  "model": "contenttypes.contenttype",
  "pk": 3,
  "fields": {
    "app_label": "contenttypes",
    "model": "contenttype"
  }
},
{
  "model": "contenttypes.contenttype",
  "pk": 4,
  "fields": {
    "app_label": "sessions",
    "model": "session"
  }
},
{
  "model": "contenttypes.contenttype",
  "pk": 5,
  "fields": {
    "app_label": "account",
    "model": "emailaddress"
  }
},
{
  "model": "contenttypes.contenttype",
  "pk": 6,
  "fields": {
    "app_label": "account",
    "model": "emailconfirmation"
  }
},
{
  "model": "contenttypes.contenttype",
  "pk": 7,
  "fields": {
    "app_label": "socialaccount",
    "model": "socialaccount"
  }
},
{
  "model": "contenttypes.contenttype",
  "pk": 8,
  "fields": {
    "app_label": "socialaccount",
    "model": "socialapp"
  }
},
{
  "model": "contenttypes.contenttype",
  "pk": 9,
  "fields": {
    "app_label": "socialaccount",
    "model": "socialtoken"
  }
},
{
  "model": "contenttypes.contenttype",
  "pk": 10,
  "fields": {
    "app_label": "chat",
    "model": "chatmessage"
  }
},
{
  "model": "contenttypes.contenttype",
  "pk": 11,
  "fields": {
    "app_label": "items",
    "model": "category"
  }
},
{
  "model": "contenttypes.contenttype",
  "pk": 12,
  "fields": {
    "app_label": "items",
    "model": "itemphoto"
  }
},
{
  "model": "contenttypes.contenttype",
  "pk": 13,
  "fields": {
    "app_label": "items",
    "model": "subcategory"
  }
},
{
  "model": "contenttypes.contenttype",
  "pk": 14,
  "fields": {
    "app_label": "items",
    "model": "subsubcategory"
  }
},
{
  "model": "contenttypes.contenttype",
  "pk": 15,
  "fields": {
    "app_label": "items",
    "model": "item"
  }
},
{
  "model": "contenttypes.contenttype",
  "pk": 16,
  "fields": {
    "app_label": "users",
    "model": "user"
  }
},
{
  "model": "contenttypes.contenttype",
  "pk": 17,
  "fields": {
    "app_label": "users",
    "model": "verificationcode"
  }
},
{
  "model": "contenttypes.contenttype",
  "pk": 18,
  "fields": {
    "app_label": "token_blacklist",
    "model": "blacklistedtoken"
  }
},
{
  "model": "contenttypes.contenttype",
  "pk": 19,
  "fields": {
    "app_label": "token_blacklist",
    "model": "outstandingtoken"
  }
},
{
  "model": "contenttypes.contenttype",
  "pk": 20,
  "fields": {
    "app_label": "sites",
    "model": "site"
  }
},
{
  "model": "contenttypes.contenttype",
  "pk": 21,
  "fields": {
    "app_label": "admin",
    "model": "logentry"
  }
},
{
  "model": "sessions.session",
  "pk": "fifue23zy2f504rqxqdlue8fusq9udp0",
  "fields": {
    "session_data": ".eJxVy8EOgjAQhOF36VlIu-y2xaOJz0GmWxoaFROBk_HdlcSDXuef72kGbOs0bMv4GGo2R5PEFsoSGvEsDSfWJsbiGxT0DlSoK2IOvyxBL-O8230b57Uq1nqf229Y2vMN9Xr63v7shGX6wIKOUwcXvLXQEJlEckSOCoFNRB5RKWvPLD4EL06Ds-xyb706Sub1BqPrPtY:1tuxkM:iK0giRJ_4egm0nP2rrwwZYQej1UmvAfkSHTQeH1-h5A",
    "expire_date": "2025-04-02T18:02:30.235Z"
  }
},
{
  "model": "items.category",
  "pk": "21907229-450e-4f68-8869-8f34bfa7cbce",
  "fields": {
    "name": "Дом и быт"
  }
},
{
  "model": "items.category",
  "pk": "5c886012-5ca8-4596-a94d-b223796f618b",
  "fields": {
    "name": "Документы"
  }
},
{
  "model": "items.category",
  "pk": "5d44599c-99ad-4275-9b50-cecf9df57138",
  "fields": {
    "name": "Личные вещи"
  }
},
{
  "model": "items.category",
  "pk": "637b8e52-aed3-468d-9b81-4843dbde6b9a",
  "fields": {
    "name": "Развлечения и хобби"
  }
},
{
  "model": "items.category",
  "pk": "824daf16-ccaf-4dbb-b806-2edf4984bd38",
  "fields": {
    "name": "Канцелярия и учеба"
  }
},
{
  "model": "items.category",
  "pk": "8c43adf8-b4b4-4e35-9762-669837b32ea1",
  "fields": {
    "name": "Транспорт"
  }
},
{
  "model": "items.category",
  "pk": "ef8d9cf6-28da-4460-89f8-89d9ee5d24c8",
  "fields": {
    "name": "Электроника"
  }
},
{
  "model": "items.subcategory",
  "pk": "01280f2e-f573-4987-9bc1-679c6343b8f4",
  "fields": {
    "category": "8c43adf8-b4b4-4e35-9762-669837b32ea1",
    "name": "Ключи и доступ"
  }
},
{
  "model": "items.subcategory",
  "pk": "0d4baaf2-9fed-4a5c-8753-8bdbeaafb43b",
  "fields": {
    "category": "21907229-450e-4f68-8869-8f34bfa7cbce",
    "name": "Косметика и уход"
  }
},
{
  "model": "items.subcategory",
  "pk": "20130f88-76b8-4293-996d-bbd661f386e7",
  "fields": {
    "category": "637b8e52-aed3-468d-9b81-4843dbde6b9a",
    "name": "Спортивные аксессуары"
  }
},
{
  "model": "items.subcategory",
  "pk": "376d683e-1e6b-43c2-82bb-a5e2d4900939",
  "fields": {
    "category": "824daf16-ccaf-4dbb-b806-2edf4984bd38",
    "name": "Учебные принадлежности"
  }
},
{
  "model": "items.subcategory",
  "pk": "3dc25a1d-ba3f-4be8-8f52-f90bbfdeffa0",
  "fields": {
    "category": "8c43adf8-b4b4-4e35-9762-669837b32ea1",
    "name": "Транспортные документы"
  }
},
{
  "model": "items.subcategory",
  "pk": "42b2956d-318b-4aa1-8ff5-44fc54c98caa",
  "fields": {
    "category": "ef8d9cf6-28da-4460-89f8-89d9ee5d24c8",
    "name": "Мобильные устройства"
  }
},
{
  "model": "items.subcategory",
  "pk": "5224f364-635c-4084-99c9-bd710ef92a28",
  "fields": {
    "category": "5c886012-5ca8-4596-a94d-b223796f618b",
    "name": "Водительские документы"
  }
},
{
  "model": "items.subcategory",
  "pk": "5c5b8343-2fc0-464a-9304-007307cef0fd",
  "fields": {
    "category": "5c886012-5ca8-4596-a94d-b223796f618b",
    "name": "Удостоверения личности"
  }
},
{
  "model": "items.subcategory",
  "pk": "5fb8796b-3176-4b06-9e61-31eeb2e9c42b",
  "fields": {
    "category": "5d44599c-99ad-4275-9b50-cecf9df57138",
    "name": "Одежда"
  }
},
{
  "model": "items.subcategory",
  "pk": "6082099f-cdbc-4383-92a8-4b8520b8ff49",
  "fields": {
    "category": "5d44599c-99ad-4275-9b50-cecf9df57138",
    "name": "Аксессуары"
  }
},
{
  "model": "items.subcategory",
  "pk": "6d4516cf-c512-4679-8159-0567386977e7",
  "fields": {
    "category": "ef8d9cf6-28da-4460-89f8-89d9ee5d24c8",
    "name": "Аудио и видео"
  }
},
{
  "model": "items.subcategory",
  "pk": "7869713d-27e1-4812-9107-ec7c0bcbfd3c",
  "fields": {
    "category": "21907229-450e-4f68-8869-8f34bfa7cbce",
    "name": "Ключи и доступ"
  }
},
{
  "model": "items.subcategory",
  "pk": "86c45345-dd15-46d1-beb9-9b1fe7fbc2aa",
  "fields": {
    "category": "637b8e52-aed3-468d-9b81-4843dbde6b9a",
    "name": "Гаджеты и подписки"
  }
},
{
  "model": "items.subcategory",
  "pk": "9b30ece9-c588-4005-81c6-8beb705975f4",
  "fields": {
    "category": "5c886012-5ca8-4596-a94d-b223796f618b",
    "name": "Образовательные документы"
  }
},
{
  "model": "items.subcategory",
  "pk": "af7efa10-1693-4dc0-ac5d-3e296f71adda",
  "fields": {
    "category": "ef8d9cf6-28da-4460-89f8-89d9ee5d24c8",
    "name": "Умные устройства"
  }
},
{
  "model": "items.subcategory",
  "pk": "c410b017-d476-4413-8899-6c22b7385091",
  "fields": {
    "category": "5c886012-5ca8-4596-a94d-b223796f618b",
    "name": "Финансовые документы"
  }
},
{
  "model": "items.subcategory",
  "pk": "da5d1048-02d7-4f3d-904d-cca2515ccafe",
  "fields": {
    "category": "637b8e52-aed3-468d-9b81-4843dbde6b9a",
    "name": "Игры и досуг"
  }
},
{
  "model": "items.subcategory",
  "pk": "da63d846-caff-49d8-8366-3b2382a8e653",
  "fields": {
    "category": "ef8d9cf6-28da-4460-89f8-89d9ee5d24c8",
    "name": "Компьютеры и аксессуары"
  }
},
{
  "model": "items.subsubcategory",
  "pk": "084424b0-3d04-4d43-9894-0e9af0406dde",
  "fields": {
    "category": "8c43adf8-b4b4-4e35-9762-669837b32ea1",
    "subcategory": "3dc25a1d-ba3f-4be8-8f52-f90bbfdeffa0",
    "name": "Проездные карты"
  }
},
{
  "model": "items.subsubcategory",
  "pk": "0916141f-dbbe-49df-85fa-7e57819d61d6",
  "fields": {
    "category": "ef8d9cf6-28da-4460-89f8-89d9ee5d24c8",
    "subcategory": "42b2956d-318b-4aa1-8ff5-44fc54c98caa",
    "name": "Планшеты"
  }
},
{
  "model": "items.subsubcategory",
  "pk": "0ce2eb74-01d7-42ff-b02a-eacea808c815",
  "fields": {
    "category": "ef8d9cf6-28da-4460-89f8-89d9ee5d24c8",
    "subcategory": "42b2956d-318b-4aa1-8ff5-44fc54c98caa",
    "name": "Смартфоны"
  }
},
{
  "model": "items.subsubcategory",
  "pk": "133e5d04-8438-44ed-8dc3-b40d5be73d36",
  "fields": {
    "category": "21907229-450e-4f68-8869-8f34bfa7cbce",
    "subcategory": "0d4baaf2-9fed-4a5c-8753-8bdbeaafb43b",
    "name": "Косметика"
  }
},
{
  "model": "items.subsubcategory",
  "pk": "139ecdca-c9db-446b-ab4c-aa7f01775806",
  "fields": {
    "category": "5d44599c-99ad-4275-9b50-cecf9df57138",
    "subcategory": "6082099f-cdbc-4383-92a8-4b8520b8ff49",
    "name": "Часы"
  }
},
{
  "model": "items.subsubcategory",
  "pk": "19cd2af8-2d1f-40e6-950d-6030ad915bcd",
  "fields": {
    "category": "637b8e52-aed3-468d-9b81-4843dbde6b9a",
    "subcategory": "20130f88-76b8-4293-996d-bbd661f386e7",
    "name": "Фитнес-товары"
  }
},
{
  "model": "items.subsubcategory",
  "pk": "1a7db2ce-7ac4-416a-a8ca-d7a8a43960cb",
  "fields": {
    "category": "5d44599c-99ad-4275-9b50-cecf9df57138",
    "subcategory": "6082099f-cdbc-4383-92a8-4b8520b8ff49",
    "name": "Украшения"
  }
},
{
  "model": "items.subsubcategory",
  "pk": "1cab4c2b-1a83-4e29-8848-518365403150",
  "fields": {
    "category": "637b8e52-aed3-468d-9b81-4843dbde6b9a",
    "subcategory": "da5d1048-02d7-4f3d-904d-cca2515ccafe",
    "name": "Настольные игры"
  }
},
{
  "model": "items.subsubcategory",
  "pk": "1d9c7494-9e13-480e-949e-63360a03b3ce",
  "fields": {
    "category": "5d44599c-99ad-4275-9b50-cecf9df57138",
    "subcategory": "6082099f-cdbc-4383-92a8-4b8520b8ff49",
    "name": "Перчатки и шарфы"
  }
},
{
  "model": "items.subsubcategory",
  "pk": "2130286c-faf6-43b1-8dfe-989c065c7772",
  "fields": {
    "category": "21907229-450e-4f68-8869-8f34bfa7cbce",
    "subcategory": "7869713d-27e1-4812-9107-ec7c0bcbfd3c",
    "name": "Ключи"
  }
},
{
  "model": "items.subsubcategory",
  "pk": "30fd1599-ebd3-449f-b1f8-610dc7f457a7",
  "fields": {
    "category": "637b8e52-aed3-468d-9b81-4843dbde6b9a",
    "subcategory": "86c45345-dd15-46d1-beb9-9b1fe7fbc2aa",
    "name": "Развлекательные устройства"
  }
},
{
  "model": "items.subsubcategory",
  "pk": "35094dbd-4b29-4e6d-aee2-0aae916ccb23",
  "fields": {
    "category": "8c43adf8-b4b4-4e35-9762-669837b32ea1",
    "subcategory": "3dc25a1d-ba3f-4be8-8f52-f90bbfdeffa0",
    "name": "Регистрационные документы"
  }
},
{
  "model": "items.subsubcategory",
  "pk": "520111a7-c1e8-4241-88d4-6c6ef391813b",
  "fields": {
    "category": "ef8d9cf6-28da-4460-89f8-89d9ee5d24c8",
    "subcategory": "6d4516cf-c512-4679-8159-0567386977e7",
    "name": "Наушники"
  }
},
{
  "model": "items.subsubcategory",
  "pk": "60d7da9a-a8e6-4f53-a659-c7acdeef27d1",
  "fields": {
    "category": "637b8e52-aed3-468d-9b81-4843dbde6b9a",
    "subcategory": "86c45345-dd15-46d1-beb9-9b1fe7fbc2aa",
    "name": "Билеты и абонементы"
  }
},
{
  "model": "items.subsubcategory",
  "pk": "6287b446-566f-4a75-a0d6-8eb9dfea2214",
  "fields": {
    "category": "5d44599c-99ad-4275-9b50-cecf9df57138",
    "subcategory": "6082099f-cdbc-4383-92a8-4b8520b8ff49",
    "name": "Сумки и рюкзаки"
  }
},
{
  "model": "items.subsubcategory",
  "pk": "64da8f4d-e377-4b59-a3a5-843e5e7ee24f",
  "fields": {
    "category": "5c886012-5ca8-4596-a94d-b223796f618b",
    "subcategory": "c410b017-d476-4413-8899-6c22b7385091",
    "name": "Банковские карты"
  }
},
{
  "model": "items.subsubcategory",
  "pk": "64e160e2-6add-4f58-bdea-a9eeab3567aa",
  "fields": {
    "category": "5d44599c-99ad-4275-9b50-cecf9df57138",
    "subcategory": "5fb8796b-3176-4b06-9e61-31eeb2e9c42b",
    "name": "Обувь"
  }
},
{
  "model": "items.subsubcategory",
  "pk": "6bd6392d-50f6-4935-aea5-de292983cd0d",
  "fields": {
    "category": "21907229-450e-4f68-8869-8f34bfa7cbce",
    "subcategory": "0d4baaf2-9fed-4a5c-8753-8bdbeaafb43b",
    "name": "Парфюмерия"
  }
},
{
  "model": "items.subsubcategory",
  "pk": "72d336d0-922a-469e-a6de-dd8710dfe90f",
  "fields": {
    "category": "ef8d9cf6-28da-4460-89f8-89d9ee5d24c8",
    "subcategory": "af7efa10-1693-4dc0-ac5d-3e296f71adda",
    "name": "Фитнес-гаджеты"
  }
},
{
  "model": "items.subsubcategory",
  "pk": "79ff0bfa-18dc-4603-8abc-7b469873728c",
  "fields": {
    "category": "5c886012-5ca8-4596-a94d-b223796f618b",
    "subcategory": "5c5b8343-2fc0-464a-9304-007307cef0fd",
    "name": "Паспорт"
  }
},
{
  "model": "items.subsubcategory",
  "pk": "7bd45f12-1c65-496f-ab49-c14b1fbbf457",
  "fields": {
    "category": "5d44599c-99ad-4275-9b50-cecf9df57138",
    "subcategory": "6082099f-cdbc-4383-92a8-4b8520b8ff49",
    "name": "Очки"
  }
},
{
  "model": "items.subsubcategory",
  "pk": "7f48f0cf-7617-43af-8014-2795811688a3",
  "fields": {
    "category": "5c886012-5ca8-4596-a94d-b223796f618b",
    "subcategory": "5224f364-635c-4084-99c9-bd710ef92a28",
    "name": "Водительские права"
  }
},
{
  "model": "items.subsubcategory",
  "pk": "8ae8c53d-c453-4603-adf4-e40f540dc5bc",
  "fields": {
    "category": "5d44599c-99ad-4275-9b50-cecf9df57138",
    "subcategory": "5fb8796b-3176-4b06-9e61-31eeb2e9c42b",
    "name": "Верхняя одежда"
  }
},
{
  "model": "items.subsubcategory",
  "pk": "8d8994f1-8340-432b-99be-8e7c9bf642ee",
  "fields": {
    "category": "5c886012-5ca8-4596-a94d-b223796f618b",
    "subcategory": "c410b017-d476-4413-8899-6c22b7385091",
    "name": "Страховые документы"
  }
},
{
  "model": "items.subsubcategory",
  "pk": "8eb2b90c-22fa-41d7-9568-088fa3b1699e",
  "fields": {
    "category": "5d44599c-99ad-4275-9b50-cecf9df57138",
    "subcategory": "6082099f-cdbc-4383-92a8-4b8520b8ff49",
    "name": "Головные уборы"
  }
},
{
  "model": "items.subsubcategory",
  "pk": "986873ce-da24-421b-8d8b-f3c90f8061a0",
  "fields": {
    "category": "5d44599c-99ad-4275-9b50-cecf9df57138",
    "subcategory": "6082099f-cdbc-4383-92a8-4b8520b8ff49",
    "name": "Ремни"
  }
},
{
  "model": "items.subsubcategory",
  "pk": "9a01c99d-9fff-486d-bd31-219502f441cd",
  "fields": {
    "category": "5c886012-5ca8-4596-a94d-b223796f618b",
    "subcategory": "9b30ece9-c588-4005-81c6-8beb705975f4",
    "name": "Студенческие документы"
  }
},
{
  "model": "items.subsubcategory",
  "pk": "b20d8683-5b30-424d-9d79-3065cbaaa2a6",
  "fields": {
    "category": "ef8d9cf6-28da-4460-89f8-89d9ee5d24c8",
    "subcategory": "da63d846-caff-49d8-8366-3b2382a8e653",
    "name": "Ноутбуки"
  }
},
{
  "model": "items.subsubcategory",
  "pk": "b22c3da0-e4a5-498f-8776-fe9488a724fa",
  "fields": {
    "category": "ef8d9cf6-28da-4460-89f8-89d9ee5d24c8",
    "subcategory": "af7efa10-1693-4dc0-ac5d-3e296f71adda",
    "name": "GPS-трекеры"
  }
},
{
  "model": "items.subsubcategory",
  "pk": "b2e07cc7-e21c-4233-becf-bb58adc12bed",
  "fields": {
    "category": "824daf16-ccaf-4dbb-b806-2edf4984bd38",
    "subcategory": "376d683e-1e6b-43c2-82bb-a5e2d4900939",
    "name": "Блокноты и книги"
  }
},
{
  "model": "items.subsubcategory",
  "pk": "b30614d6-bb21-440e-8098-a80d73e5779e",
  "fields": {
    "category": "ef8d9cf6-28da-4460-89f8-89d9ee5d24c8",
    "subcategory": "6d4516cf-c512-4679-8159-0567386977e7",
    "name": "Колонки"
  }
},
{
  "model": "items.subsubcategory",
  "pk": "b825cc38-992d-4037-9564-db717f06fc39",
  "fields": {
    "category": "5d44599c-99ad-4275-9b50-cecf9df57138",
    "subcategory": "5fb8796b-3176-4b06-9e61-31eeb2e9c42b",
    "name": "Другая одежда"
  }
},
{
  "model": "items.subsubcategory",
  "pk": "e78c6dd9-5858-4325-9126-37abcf108ce7",
  "fields": {
    "category": "ef8d9cf6-28da-4460-89f8-89d9ee5d24c8",
    "subcategory": "6d4516cf-c512-4679-8159-0567386977e7",
    "name": "Фото и видео"
  }
},
{
  "model": "items.subsubcategory",
  "pk": "ea87704b-eb68-48e2-8a7d-847a4f31658d",
  "fields": {
    "category": "8c43adf8-b4b4-4e35-9762-669837b32ea1",
    "subcategory": "01280f2e-f573-4987-9bc1-679c6343b8f4",
    "name": "Автомобильные ключи"
  }
},
{
  "model": "items.subsubcategory",
  "pk": "eb73ef71-9415-4258-bb94-e13b2bf11f19",
  "fields": {
    "category": "824daf16-ccaf-4dbb-b806-2edf4984bd38",
    "subcategory": "376d683e-1e6b-43c2-82bb-a5e2d4900939",
    "name": "Письменные принадлежности"
  }
},
{
  "model": "items.subsubcategory",
  "pk": "fab00da4-4654-4e7b-ad67-4235101fb7dc",
  "fields": {
    "category": "5d44599c-99ad-4275-9b50-cecf9df57138",
    "subcategory": "6082099f-cdbc-4383-92a8-4b8520b8ff49",
    "name": "Кошельки и кардхолдеры"
  }
},
{
  "model": "items.subsubcategory",
  "pk": "fb921c48-7a88-41f4-9dfd-120d6573eb07",
  "fields": {
    "category": "8c43adf8-b4b4-4e35-9762-669837b32ea1",
    "subcategory": "01280f2e-f573-4987-9bc1-679c6343b8f4",
    "name": "Замки и аксессуары"
  }
},
{
  "model": "items.subsubcategory",
  "pk": "fd214a0e-2046-4e1d-9c53-a17a4f02d4a6",
  "fields": {
    "category": "ef8d9cf6-28da-4460-89f8-89d9ee5d24c8",
    "subcategory": "da63d846-caff-49d8-8366-3b2382a8e653",
    "name": "Аксессуары"
  }
},
{
  "model": "users.user",
  "pk": "3d4beff0-0ce4-4895-a310-7f09382113c3",
  "fields": {
    "password": "pbkdf2_sha256$870000$5ae5P6JzVUG80sIgaPmxHn$YaZRAd1fwnrx7U6hG7mAPpdo1PrGQAyMYvyIzP75lAg=",
    "last_login": null,
    "is_superuser": true,
    "username": "admin2",
    "first_name": "",
    "last_name": "",
    "is_staff": true,
    "is_active": true,
    "date_joined": "2025-03-19T17:43:57.207Z",
    "email": "admin2@gmail.com",
    "phone_number": "",
    "birthday": null,
    "profile_picture": "profile_photo/photo_2025-02-24 23.37.57.jpeg",
    "groups": [],
    "user_permissions": []
  }
},
{
  "model": "users.user",
  "pk": "b50f2d57-5645-4b4c-88f6-afa91a2f23f5",
  "fields": {
    "password": "pbkdf2_sha256$870000$Yw2H33rUHgYZ4mkegZchzZ$I7fgK6e1Nkkh1CLxDpFHZ5Kr5pImJhGM+lkKXaRBp8Q=",
    "last_login": "2025-03-19T18:02:30.228Z",
    "is_superuser": true,
    "username": "admin",
    "first_name": "",
    "last_name": "",
    "is_staff": true,
    "is_active": true,
    "date_joined": "2025-03-19T17:39:56.826Z",
    "email": "admin@gmail.com",
    "phone_number": "",
    "birthday": null,
    "profile_picture": "profile_photo/photo_2025-02-24 23.37.57.jpeg",
    "groups": [],
    "user_permissions": []
  }
},
{
  "model": "sites.site",
  "pk": 1,
  "fields": {
    "domain": "example.com",
    "name": "example.com"
  }
}
]
